price_usd,price_rub_log,distance_kms,trip_time_minutes,total_time_minutes,speed_kmh,trip_type_uberblack,trip_type_uberx,surge_multiplier,trip_type_uberelka,price_per_km,trip_start_time_year,temperature_time_year,weather_partly_cloudy_night,trip_start_time_hour,temperature_time_hour,feels_like,cloudness,temp_hour_interaction,temperature_value,rub_usd_exchange_rate,temperature_time_month,trip_start_time_month,dropoff_long,pickup_long,vehicle_make,vehicle_model,weather_desc,ride_hailing_app_Uber,trip_type_Comfort,trip_type_EconomyFix,trip_type_uberBEAUTY,trip_type_uberBLACK,trip_type_uberELKA,trip_type_uberSELECT,trip_type_uberX,city_Moscow,city_Saint Petersburg,weather_main_clear-night,weather_main_cloudy,weather_main_fog,weather_main_partly-cloudy-day,weather_main_partly-cloudy-night,weather_main_rain,weather_main_snow,weather_main_wind,precipitation_rain,precipitation_snow,trip_start_time_timeofday_evening,trip_start_time_timeofday_morning,trip_start_time_timeofday_night,temperature_time_timeofday_evening,temperature_time_timeofday_morning,temperature_time_timeofday_night
5.17,5.583496308781699,9.29,21.55,29.0,19.22068965517241,0,1,1.0,0,28.52529601722282,2015,2015,0,17,17,12.0,0.78,204.0,12.0,55.17,5,5,30.30765496,30.32982593,Ford,Focus,Mostly Cloudy,True,False,False,False,False,False,False,True,False,True,False,False,False,True,False,False,False,False,False,False,True,False,False,True,False,False
4.97,5.545177444479562,9.93,19.45,26.0,22.915384615384614,0,1,1.0,0,25.6797583081571,2015,2015,0,18,18,10.0,0.66,180.0,10.0,55.17,5,5,30.32949527,30.30731265,Hyundai,Solaris,Mostly Cloudy,True,False,False,False,False,False,False,True,False,True,False,False,False,True,False,False,False,False,False,False,True,False,False,True,False,False
12.97,6.4692503167957724,18.01,46.43333333333333,57.0,13.019277108433736,0,1,1.0,0,35.757912270960574,2015,2015,0,9,9,14.0,0.86,126.0,14.0,55.17,5,5,30.3875608,30.329416,Renault,other,Mostly Cloudy,True,False,False,False,False,False,False,True,False,True,False,False,False,True,False,False,False,False,False,False,False,True,False,False,True,False
12.97,6.55250788703459,5.1,13.616666666666667,20.0,15.299999999999999,0,0,1.0,0,81.56596794081382,2015,2015,1,7,7,3.0,0.56,0.0,3.0,55.17,5,5,30.30848929,30.31115921,Mercedes-Benz,other,Partly Cloudy,True,False,False,False,True,False,False,False,False,True,False,False,False,False,True,False,False,False,False,False,False,False,True,False,False,True
12.97,6.501289670540389,21.92,38.9,49.0,26.840816326530614,0,1,1.0,0,30.33759124087591,2015,2015,1,7,7,1.0,0.31,3.0,3.0,55.17,5,5,30.3294021,30.3085533,Hyundai,Solaris,Partly Cloudy,True,False,False,False,False,False,False,True,False,True,False,False,False,False,True,False,False,False,False,False,False,False,True,False,False,True
4.06,5.303304908059076,4.88,16.633333333333333,34.0,8.611764705882353,0,1,1.0,0,40.98360655737705,2015,2015,0,9,9,5.0,0.99,63.0,7.0,55.17,5,5,30.3881466,30.3217733,Hyundai,Solaris,Overcast,True,False,False,False,False,False,False,True,False,True,False,True,False,False,False,False,False,False,False,False,False,True,False,False,True,False
9.4,6.139884552226255,18.65,40.4,44.0,25.431818181818183,0,1,1.0,0,24.82573726541555,2015,2015,0,21,21,3.0,0.98,126.0,6.0,55.17,5,5,30.3295176,30.3878286,Volkswagen,Polo,Overcast,True,False,False,False,False,False,False,True,False,True,False,True,False,False,False,False,False,False,False,False,True,False,False,True,False,False
8.7,6.068425588244111,12.62,41.93333333333333,57.0,13.055172413793102,0,1,1.0,0,34.152139461172744,2015,2015,0,7,7,4.0,0.89,42.0,6.0,55.17,5,5,30.3590764,30.3302478,Hyundai,Solaris,Mostly Cloudy,True,False,False,False,False,False,False,True,False,True,False,False,False,True,False,False,False,False,False,False,False,True,False,False,True,False
3.27,5.093750200806762,5.94,10.1,15.0,23.76,0,1,1.0,0,27.27272727272727,2015,2015,0,11,11,5.0,0.84,88.0,8.0,55.17,5,5,30.38865583,30.35607923,Hyundai,other,Mostly Cloudy,True,False,False,False,False,False,False,True,False,True,False,False,False,True,False,False,False,False,False,False,False,True,False,False,True,False
7.06,5.860786223465865,17.38,25.5,33.0,31.599999999999994,0,1,1.0,0,20.138089758342925,2015,2015,0,21,21,9.0,0.69,189.0,9.0,55.17,5,5,30.32949259,30.38816641,Volkswagen,other,Mostly Cloudy,True,False,False,False,False,False,False,True,False,True,False,False,False,True,False,False,False,False,False,False,True,False,False,True,False,False
4.27,5.3706380281276624,5.66,17.783333333333335,26.0,13.061538461538461,0,1,1.0,0,37.80918727915194,2015,2015,0,9,9,14.0,0.75,126.0,14.0,55.17,5,5,30.3887749,30.3211337,Hyundai,Solaris,Mostly Cloudy,True,False,False,False,False,False,False,True,False,True,False,False,False,True,False,False,False,False,False,False,False,True,False,False,True,False
7.66,5.993961427306569,14.3,14.466666666666667,27.0,31.77777777777778,0,1,1.0,0,27.97202797202797,2015,2015,0,13,13,32.0,0.0,342.0,32.0,55.17,5,5,37.635031,37.6350862,Hyundai,Solaris,Clear,True,False,False,False,False,False,False,True,False,False,False,False,False,False,False,False,False,False,True,False,False,False,False,False,False,False
7.48,5.993961427306569,13.33,15.316666666666666,28.0,28.564285714285713,0,1,1.0,0,30.00750187546887,2015,2015,1,21,21,19.0,0.75,342.0,19.0,55.17,6,6,37.635031,37.6350862,Ford,other,Mostly Cloudy,True,False,False,False,False,False,False,True,False,False,False,False,False,False,True,False,False,False,True,False,False,False,True,False,False,True
4.2,5.43372200355424,9.41,46.43333333333333,57.0,8.821875,0,1,1.0,0,24.22954303931987,2015,2015,0,14,14,31.0,0.75,342.0,29.0,55.17,6,6,37.635031,37.6350862,Ford,Focus,Mostly Cloudy,True,False,False,False,False,False,False,True,False,False,False,False,False,True,False,False,False,False,True,False,False,False,False,False,False,False
1.72,4.6848128136402885,1.79,12.65,37.0,6.852631578947369,0,1,1.0,0,81.56596794081382,2015,2015,0,15,15,30.0,0.0,342.0,28.0,55.17,6,6,37.635031,37.6350862,Hyundai,Solaris,Clear,True,False,False,False,False,False,False,True,False,False,False,False,False,False,False,False,False,False,True,False,False,False,False,False,False,False
2.21,4.8283137373023015,8.4,16.3,34.0,14.823529411764707,0,1,1.0,0,18.878504672897197,2015,2015,0,7,7,18.0,0.0,51.0,17.0,56.05,6,6,37.635031,37.6350862,Kia,Rio,Clear,True,False,False,False,False,False,False,True,False,False,True,False,False,False,False,False,False,False,True,False,False,False,True,False,False,True
1.72,4.6848128136402885,4.33,11.45,25.0,10.392,0,1,1.0,0,22.401847575057737,2015,2015,0,15,15,25.0,0.0,342.0,25.0,56.3,6,6,37.635031,37.6350862,Nissan,Almera,Clear,True,False,False,False,False,False,False,True,False,False,False,False,False,False,False,False,False,False,True,False,False,False,False,False,False,False
2.03,4.74493212836325,4.75,16.65,30.0,9.5,0,1,1.0,0,24.0,2015,2015,0,13,13,21.0,1.0,273.0,21.0,56.3,6,6,37.635031,37.6350862,Kia,Rio,Overcast,True,False,False,False,False,False,False,True,False,False,False,True,False,False,False,False,False,False,True,False,False,False,False,False,False,False
7.11,5.993961427306569,14.61,16.466666666666665,27.0,32.46666666666666,0,1,1.0,0,27.378507871321013,2015,2015,0,20,20,11.0,1.0,220.0,11.0,56.28,6,6,37.635031,37.6350862,Hyundai,Solaris,Overcast,True,False,False,False,False,False,False,True,False,False,False,True,False,False,False,False,False,False,True,False,True,False,False,True,False,False
3.33,5.220355825078324,5.05,14.216666666666667,17.0,17.823529411764707,0,1,1.0,0,36.43564356435644,2015,2015,0,16,16,19.0,0.39,304.0,19.0,55.23,6,6,30.3032982,30.3390492,Hyundai,Solaris,Partly Cloudy,True,False,False,False,False,False,False,True,False,True,False,False,False,True,False,False,False,False,False,False,False,False,False,False,False,False
5.65,5.746203190540153,12.81,21.2,36.0,21.35,0,0,1.0,0,24.355971896955502,2015,2015,0,16,16,19.0,0.49,304.0,19.0,55.23,6,6,30.4340483,30.3105366,Chevrolet,Cruze,Partly Cloudy,False,True,False,False,False,False,False,False,False,True,False,False,False,True,False,False,False,False,False,False,False,False,False,False,False,False
3.26,5.198497031265826,1.79,5.7,46.0,6.852631578947369,0,0,1.0,0,81.56596794081382,2015,2015,0,7,7,17.0,0.32,85.0,17.0,55.17,6,6,30.2742717,30.2808294,Mercedes-Benz,other,Partly Cloudy,True,False,False,False,True,False,False,False,False,True,False,False,False,True,False,False,False,False,False,False,False,True,False,False,True,False
10.39,6.352629396319567,29.08,45.666666666666664,54.0,32.31111111111111,0,1,1.0,0,19.70426409903714,2015,2015,0,9,9,20.0,0.58,180.0,20.0,55.17,6,6,30.4278911,30.3567147,Kia,other,Partly Cloudy,True,False,False,False,False,False,False,True,False,True,False,False,False,True,False,False,False,False,False,False,False,True,False,False,True,False
12.97,6.55250788703459,24.0,30.733333333333334,40.0,36.0,0,1,1.0,0,41.666666666666664,2015,2015,0,11,11,21.0,0.75,231.0,21.0,55.17,6,6,30.6349186,30.4094573,Mitsubishi,other,Mostly Cloudy,True,False,False,False,False,False,False,True,False,True,False,False,False,True,False,False,False,False,False,False,False,True,False,False,True,False
12.97,6.55250788703459,19.1,25.3,30.0,38.2,0,1,1.0,0,52.35602094240837,2015,2015,0,19,19,16.0,0.75,304.0,16.0,55.17,6,6,30.274495,30.3379833,Nissan,Almera,Mostly Cloudy,True,False,False,False,False,False,False,True,False,True,False,False,False,True,False,False,False,False,False,False,True,False,False,True,False,False
12.97,6.55250788703459,21.18,30.3,37.0,34.34594594594594,0,1,1.0,0,47.214353163361665,2015,2015,0,21,21,16.0,0.94,336.0,16.0,55.17,6,6,30.3392897,30.3380717,other,other,Overcast,True,False,False,False,False,False,False,True,False,True,False,True,False,False,False,False,False,False,False,False,True,False,False,True,False,False
6.4,5.869296913133774,2.27,9.55,19.0,7.1684210526315795,0,0,1.0,0,81.56596794081382,2015,2015,0,21,21,16.0,0.75,342.0,16.0,55.17,6,6,30.3456956,30.3382977,Mercedes-Benz,other,Mostly Cloudy,True,False,False,False,True,False,False,False,False,True,False,False,False,True,False,False,False,False,False,False,False,False,True,False,False,True
11.22,6.429719478039138,8.85,22.516666666666666,29.0,18.310344827586206,0,0,1.0,0,69.94350282485875,2015,2015,1,21,21,15.0,0.78,342.0,15.0,55.17,6,6,30.3379478,30.3458923,other,other,Mostly Cloudy,True,False,False,False,True,False,False,False,False,True,False,False,False,False,True,False,False,False,False,False,False,False,True,False,False,True
8.9,6.194405391104672,17.79,45.0,57.0,18.726315789473684,0,1,1.0,0,27.48735244519393,2015,2015,0,9,9,15.0,0.75,135.0,15.0,55.17,6,6,30.3358845,30.4078023,Mitsubishi,other,Mostly Cloudy,True,False,False,False,False,False,False,True,False,True,False,False,False,True,False,False,False,False,False,False,False,True,False,False,True,False
12.97,6.55250788703459,21.22,46.43333333333333,57.0,14.468181818181819,0,1,1.0,0,70.6880301602262,2015,2015,0,8,8,16.0,0.62,128.0,16.0,55.17,6,6,30.33797633,30.2808294,Kia,Rio,Mostly Cloudy,True,False,False,False,False,False,False,True,False,True,False,False,False,True,False,False,False,False,False,False,False,True,False,False,True,False
7.6,6.037870919922137,4.35,12.466666666666667,27.0,9.666666666666666,0,0,1.0,0,81.56596794081382,2015,2015,0,11,11,18.0,0.76,198.0,18.0,55.17,6,6,30.28558798,30.33806238,other,other,Mostly Cloudy,True,False,False,False,True,False,False,False,False,True,False,False,False,True,False,False,False,False,False,False,False,True,False,False,True,False
10.31,6.342121418721152,3.25,10.583333333333334,20.0,9.75,0,0,1.0,0,81.56596794081382,2015,2015,0,12,12,16.0,0.76,192.0,16.0,55.17,6,6,30.33025685,30.28569069,Mercedes-Benz,other,Mostly Cloudy,True,False,False,False,True,False,False,False,False,True,False,False,False,True,False,False,False,False,False,False,False,False,False,False,False,False
1.8,4.6848128136402885,1.79,5.766666666666667,14.0,6.852631578947369,0,1,1.0,0,76.74418604651163,2015,2015,0,13,13,15.0,0.75,195.0,15.0,55.17,6,6,30.3245608,30.3300238,Nissan,Almera,Mostly Cloudy,True,False,False,False,False,False,False,True,False,True,False,False,False,True,False,False,False,False,False,False,False,False,False,False,False,False
8.5,6.148468295917647,2.61,16.516666666666666,27.0,6.852631578947369,0,0,1.0,0,81.56596794081382,2015,2015,0,14,14,15.0,0.75,210.0,15.0,55.17,6,6,30.3381516,30.3569533,other,other,Mostly Cloudy,True,False,False,False,True,False,False,False,False,True,False,False,False,True,False,False,False,False,False,False,False,False,False,False,False,False
3.15,5.159055299214529,1.79,8.85,22.0,6.852631578947369,0,1,1.0,0,81.56596794081382,2015,2015,0,18,18,13.0,0.62,234.0,13.0,55.17,6,6,30.3373816,30.3415916,Hyundai,Solaris,Breezy and Mostly Cloudy,True,False,False,False,False,False,False,True,False,True,False,False,False,False,False,False,False,True,False,False,True,False,False,True,False,False
7.6,6.037870919922137,5.02,12.1,20.0,15.059999999999999,0,0,1.0,0,81.56596794081382,2015,2015,0,21,21,10.0,0.0,220.0,10.0,55.17,6,6,30.2846216,30.337745,Mercedes-Benz,other,Clear,True,False,False,False,True,False,False,False,False,True,True,False,False,False,False,False,False,False,False,False,False,False,True,False,False,True
3.65,5.2832037287379885,3.35,17.516666666666666,33.0,6.852631578947369,0,1,1.0,0,58.507462686567166,2015,2015,0,10,10,15.0,0.75,150.0,15.0,55.17,6,6,30.3234206,30.2862526,Nissan,other,Breezy and Mostly Cloudy,True,False,False,False,False,False,False,True,False,True,False,False,False,False,False,False,False,True,False,False,False,True,False,False,True,False
2.59,4.941642422609304,3.07,9.716666666666667,12.0,16.745454545454546,0,1,1.0,0,45.276872964169385,2015,2015,0,11,11,14.0,0.75,154.0,14.0,55.17,6,6,30.2862445,30.3228185,other,other,Breezy and Mostly Cloudy,True,False,False,False,False,False,False,True,False,True,False,False,False,False,False,False,False,True,False,False,False,True,False,False,True,False
9.73,6.261491684321042,5.46,18.4,33.0,9.927272727272726,0,0,1.0,0,81.56596794081382,2015,2015,0,11,11,14.0,0.75,154.0,14.0,55.17,6,6,30.28419938,30.3556106,Mercedes-Benz,other,Mostly Cloudy,True,False,False,False,True,False,False,False,False,True,False,False,False,True,False,False,False,False,False,False,False,True,False,False,True,False
6.03,5.783825182329737,2.72,7.5,21.0,7.771428571428572,0,0,1.0,0,81.56596794081382,2015,2015,0,20,20,11.0,0.58,220.0,11.0,55.17,6,6,30.3379599,30.32664014,other,other,Partly Cloudy,True,False,False,False,True,False,False,False,False,True,False,False,False,True,False,False,False,False,False,False,True,False,False,True,False,False
2.74,4.997212273764115,3.6,10.333333333333334,22.0,9.818181818181818,0,1,1.0,0,40.833333333333336,2015,2015,0,7,7,6.0,0.61,40.0,8.0,55.17,6,6,30.33816057,30.28549404,other,other,Mostly Cloudy,True,False,False,False,False,False,False,True,False,True,False,False,False,True,False,False,False,False,False,False,False,True,False,False,True,False
12.97,6.55250788703459,19.07,31.15,38.0,30.110526315789475,0,1,1.0,0,52.43838489774515,2015,2015,0,7,7,11.0,0.0,77.0,11.0,55.17,6,6,30.2743139,30.3380893,Ford,Focus,Clear,True,False,False,False,False,False,False,True,False,True,False,False,False,False,False,False,False,False,False,False,False,True,False,False,True,False
5.11,5.616771097666572,3.78,28.283333333333335,30.0,7.56,0,1,1.0,0,72.4867724867725,2015,2015,0,11,11,15.0,0.47,165.0,15.0,55.17,6,6,30.34182538,30.33549931,Kia,other,Partly Cloudy,True,False,False,False,False,False,False,True,False,True,False,False,False,True,False,False,False,False,False,False,False,True,False,False,True,False
5.44,5.680172609017068,4.78,29.833333333333332,45.0,6.852631578947369,0,1,1.0,0,61.087866108786606,2015,2015,0,12,12,15.0,0.47,180.0,15.0,55.17,6,6,30.337645,30.3418583,other,other,Partly Cloudy,True,False,False,False,False,False,False,True,False,True,False,False,False,True,False,False,False,False,False,False,False,False,False,False,False,False
2.81,5.0238805208462765,2.78,11.65,27.0,6.852631578947369,0,1,1.0,0,54.31654676258993,2015,2015,0,13,13,15.0,0.31,195.0,15.0,55.17,6,6,30.33699051,30.35667753,other,other,Breezy and Partly Cloudy,True,False,False,False,False,False,False,True,False,True,False,False,False,False,False,False,False,True,False,False,False,False,False,False,False,False
12.97,6.55250788703459,19.14,46.43333333333333,57.0,20.147368421052633,0,0,1.0,0,81.56596794081382,2015,2015,0,15,15,15.0,0.46,225.0,15.0,55.17,6,6,30.2742717,30.33790811,Mercedes-Benz,other,Partly Cloudy,True,False,False,False,True,False,False,False,False,True,False,False,False,True,False,False,False,False,False,False,False,False,False,False,False,False
12.97,6.55250788703459,23.26,31.333333333333332,46.0,30.339130434782607,0,0,1.0,0,77.38607050730867,2015,2015,0,13,13,22.0,0.31,286.0,22.0,55.72,6,6,30.2742717,30.356505,Mercedes-Benz,other,Partly Cloudy,True,False,False,False,True,False,False,False,False,True,False,False,False,True,False,False,False,False,False,False,False,False,False,False,False,False
10.46,6.386879319362645,15.63,46.43333333333333,57.0,12.17922077922078,0,1,1.0,0,37.93985924504158,2015,2015,0,18,18,14.0,0.79,252.0,14.0,56.7,7,7,30.409926,30.3482794,Chevrolet,Cruze,Mostly Cloudy,True,False,False,False,False,False,False,True,False,True,False,False,False,True,False,False,False,False,False,False,True,False,False,True,False,False
10.84,6.436150368369428,33.97,37.68333333333333,45.0,42.4875,0,1,1.0,0,18.878504672897197,2015,2015,1,7,7,14.0,0.62,0.0,14.0,57.47,7,7,30.319145,30.40966,Ford,Focus,Mostly Cloudy,True,False,False,False,False,False,False,True,False,True,False,False,False,False,True,False,False,False,False,False,False,False,True,False,False,True
9.1,6.257667587882639,24.91,42.43333333333333,55.0,27.174545454545456,0,1,1.0,0,20.915295062224008,2015,2015,1,7,7,16.0,0.83,0.0,16.0,57.23,7,7,30.31906726,30.40919418,other,other,Mostly Cloudy,True,False,False,False,False,False,False,True,False,True,False,False,False,False,True,False,False,False,False,False,False,False,True,False,False,True
1.72,4.6848128136402885,1.79,5.7,12.0,10.875,0,1,1.0,0,66.89655172413794,2015,2015,0,15,15,17.0,0.47,255.0,17.0,67.5,9,9,30.4078023,30.3888993,Hyundai,Solaris,Partly Cloudy,True,False,False,False,False,False,False,True,False,True,False,False,False,True,False,False,False,False,False,False,False,False,False,False,False,False
3.54,5.484796933490655,8.01,23.666666666666668,57.0,6.852631578947369,0,1,1.0,0,29.962546816479403,2015,2015,0,13,13,16.0,0.75,208.0,16.0,67.73,9,9,37.635031,37.6350862,Hyundai,Solaris,Mostly Cloudy,True,False,False,False,False,False,False,True,False,False,False,False,False,True,False,False,False,False,True,False,False,False,False,False,False,False
2.35,5.075173815233827,4.76,13.483333333333333,33.0,8.654545454545454,0,1,1.0,0,33.403361344537814,2015,2015,0,14,14,17.0,0.75,238.0,17.0,67.73,9,9,37.635031,37.6350862,other,other,Mostly Cloudy,True,False,False,False,False,False,False,True,False,False,False,False,False,True,False,False,False,False,True,False,False,False,False,False,False,False
5.91,5.993961427306569,23.44,30.416666666666668,42.0,33.48571428571429,0,1,1.0,0,18.878504672897197,2015,2015,0,15,15,18.0,0.0,270.0,18.0,67.65,9,9,37.635031,37.6350862,Kia,other,Clear,True,False,False,False,False,False,False,True,False,False,False,False,False,False,False,False,False,False,True,False,False,False,False,False,False,False
5.91,5.993961427306569,16.38,24.583333333333332,25.0,39.312,0,1,1.0,0,24.420024420024422,2015,2015,0,16,16,17.0,0.75,272.0,17.0,67.65,9,9,37.635031,37.6350862,Volkswagen,other,Mostly Cloudy,True,False,False,False,False,False,False,True,False,False,False,False,False,True,False,False,False,False,True,False,False,False,False,False,False,False
2.11,4.969813299576001,4.12,11.45,19.0,13.010526315789475,0,1,1.0,0,34.70873786407767,2015,2015,0,10,10,12.0,0.75,120.0,12.0,67.75,9,9,37.635031,37.6350862,Hyundai,Solaris,Mostly Cloudy,True,False,False,False,False,False,False,True,False,False,False,False,False,True,False,False,False,False,True,False,False,True,False,False,True,False
2.18,5.003946305945459,4.12,12.383333333333333,28.0,8.82857142857143,0,1,1.0,0,35.922330097087375,2015,2015,0,11,11,14.0,0.75,154.0,14.0,67.75,9,9,37.635031,37.6350862,Nissan,Almera,Mostly Cloudy,True,False,False,False,False,False,False,True,False,False,False,False,False,True,False,False,False,False,True,False,False,True,False,False,True,False
2.55,5.159055299214529,5.63,14.883333333333333,24.0,14.075,0,1,1.0,0,30.728241563055064,2015,2015,0,21,21,7.0,0.0,210.0,10.0,67.75,9,9,37.635031,37.6350862,Renault,other,Clear,True,False,False,False,False,False,False,True,False,False,True,False,False,False,False,False,False,False,True,False,True,False,False,True,False,False
2.66,5.198497031265826,6.12,15.616666666666667,31.0,11.84516129032258,0,1,1.0,0,29.41176470588235,2015,2015,0,12,12,11.0,0.0,132.0,11.0,67.75,9,9,37.635031,37.6350862,other,other,Clear,True,False,False,False,False,False,False,True,False,False,False,False,False,False,False,False,False,False,True,False,False,False,False,False,False,False
2.63,5.187385805840755,5.65,15.683333333333334,22.0,15.409090909090912,0,1,1.0,0,31.50442477876106,2015,2015,0,17,17,11.0,0.75,187.0,11.0,67.75,9,9,37.635031,37.6350862,Volkswagen,other,Breezy and Mostly Cloudy,True,False,False,False,False,False,False,True,False,False,False,False,False,False,False,False,False,True,True,False,True,False,False,True,False,False
2.46,5.123963979403259,5.73,13.866666666666667,18.0,19.1,0,1,1.0,0,29.14485165794066,2015,2015,0,21,21,7.0,0.84,220.0,10.0,67.75,9,9,37.635031,37.6350862,other,other,Breezy and Mostly Cloudy,True,False,False,False,False,False,False,True,False,False,False,False,False,False,False,False,False,True,True,False,False,False,True,False,False,True
3.55,5.488937726156687,8.56,18.766666666666666,26.0,19.753846153846155,0,1,1.0,0,28.154205607476634,2015,2015,0,10,10,18.0,0.0,180.0,18.0,67.75,9,9,30.2990589,30.40921086,other,other,Clear,True,False,False,False,False,False,False,True,False,True,False,False,False,False,False,False,False,False,True,False,False,True,False,False,True,False
3.83,5.564520407322694,10.06,20.016666666666666,28.0,21.557142857142857,0,1,1.0,0,25.84493041749503,2015,2015,0,10,10,19.0,0.0,190.0,19.0,67.75,9,9,30.4092183,30.2998336,Hyundai,Solaris,Clear,True,False,False,False,False,False,False,True,False,True,False,False,False,False,False,False,False,False,True,False,False,True,False,False,True,False
5.9,5.993961427306569,8.03,13.0,35.0,13.765714285714283,0,1,1.0,0,49.81320049813201,2015,2015,0,13,13,12.0,0.75,156.0,12.0,67.75,9,9,37.635031,37.6350862,other,other,Mostly Cloudy,True,False,False,False,False,False,False,True,False,False,False,False,False,True,False,False,False,False,True,False,False,False,False,False,False,False
5.9,5.993961427306569,17.77,29.616666666666667,57.0,6.852631578947369,0,1,1.0,0,22.509848058525606,2015,2015,0,15,15,14.0,0.0,210.0,14.0,67.75,9,9,37.635031,37.6350862,Renault,other,Clear,True,False,False,False,False,False,False,True,False,False,False,False,False,False,False,False,False,False,True,False,False,False,False,False,False,False
12.97,6.55250788703459,33.97,32.65,39.0,42.4875,0,1,1.0,0,23.3590282644242,2015,2015,0,17,17,16.0,0.76,272.0,16.0,67.75,9,9,30.4092106,30.2808294,Nissan,other,Mostly Cloudy,True,False,False,False,False,False,False,True,False,True,False,False,False,True,False,False,False,False,False,False,True,False,False,True,False,False
3.59,5.497168225293202,11.65,16.016666666666666,27.0,25.88888888888889,0,1,1.0,0,20.858369098712444,2015,2015,0,14,14,19.0,0.69,266.0,19.0,67.75,9,9,30.4410833,30.3959366,Renault,other,Mostly Cloudy,True,False,False,False,False,False,False,True,False,True,False,False,False,True,False,False,False,False,False,False,False,False,False,False,False,False
1.99,4.875197323201151,3.72,7.75,19.0,11.747368421052633,0,1,1.0,0,34.946236559139784,2015,2015,0,19,19,15.0,1.0,285.0,15.0,65.31,9,9,30.36792621,30.40937682,Hyundai,Solaris,Overcast,True,False,False,False,False,False,False,True,False,True,False,True,False,False,False,False,False,False,False,False,True,False,False,True,False,False
2.56,5.123963979403259,5.33,11.45,14.0,22.84285714285714,0,1,1.0,0,31.332082551594745,2015,2015,1,21,21,14.0,0.88,308.0,14.0,65.31,9,9,30.40927137,30.36669181,other,other,Mostly Cloudy,True,False,False,False,False,False,False,True,False,True,False,False,False,False,True,False,False,False,False,False,False,False,True,False,False,True
5.7,5.924255797414532,2.3,10.783333333333333,18.0,7.666666666666666,0,0,1.0,0,81.56596794081382,2015,2015,0,12,12,17.0,0.83,204.0,17.0,65.45,9,9,30.3929457,30.4091959,other,other,Mostly Cloudy,True,False,False,False,True,False,False,False,False,True,False,False,False,True,False,False,False,False,False,False,False,False,False,False,False,False
5.19,5.831882477283517,12.47,29.083333333333332,45.0,16.62666666666667,0,1,1.0,0,27.265437048917402,2015,2015,0,16,16,17.0,0.31,272.0,17.0,65.45,9,9,30.2742717,30.4093666,other,other,Partly Cloudy,True,False,False,False,False,False,False,True,False,True,False,False,False,True,False,False,False,False,False,False,False,False,False,False,False,False
2.72,5.187385805840755,3.67,17.7,26.0,8.46923076923077,0,1,1.0,0,48.50136239782017,2015,2015,0,21,21,8.0,0.0,189.0,9.0,65.45,9,9,37.635031,37.6350862,other,other,Clear,True,False,False,False,False,False,False,True,False,False,True,False,False,False,False,False,False,False,True,False,True,False,False,True,False,False
6.26,6.018593214496234,15.32,36.166666666666664,43.0,21.376744186046512,0,1,1.0,0,26.762402088772845,2015,2015,1,20,20,16.0,0.51,320.0,16.0,65.45,9,9,30.4092644,30.2836821,other,other,Partly Cloudy,True,False,False,False,False,False,False,True,False,True,False,False,False,False,True,False,False,False,False,False,True,False,False,True,False,False
1.72,4.6848128136402885,1.79,5.7,12.0,9.48,0,1,1.0,0,63.291139240506325,2015,2015,0,15,15,17.0,0.91,255.0,17.0,67.7,9,9,30.409705,30.3968366,Kia,other,Mostly Cloudy,True,False,False,False,False,False,False,True,False,True,False,False,False,True,False,False,False,False,False,False,False,False,False,False,False,False
1.72,4.6848128136402885,1.79,5.7,12.0,6.852631578947369,0,1,1.0,0,81.56596794081382,2015,2015,0,17,17,17.0,0.78,289.0,17.0,67.7,9,9,30.4109849,30.4093783,other,other,Mostly Cloudy,True,False,False,False,False,False,False,True,False,True,False,False,False,True,False,False,False,False,False,False,True,False,False,True,False,False
4.66,5.733341276897746,2.09,6.85,15.0,8.36,0,0,1.0,0,81.56596794081382,2015,2015,0,11,11,14.0,0.36,154.0,14.0,66.02,9,9,30.3878066,30.4094183,Mercedes-Benz,other,Partly Cloudy,True,False,False,False,True,False,False,False,False,True,False,False,False,True,False,False,False,False,False,False,False,True,False,False,True,False
1.72,4.6848128136402885,2.09,6.166666666666667,13.0,9.646153846153846,0,1,1.0,0,51.19617224880383,2015,2015,0,12,12,14.0,0.75,168.0,14.0,66.02,9,9,30.4092983,30.3877466,Chevrolet,Cruze,Mostly Cloudy,True,False,False,False,False,False,False,True,False,True,False,False,False,True,False,False,False,False,False,False,False,False,False,False,False,False
3.0,5.293304824724492,6.2,18.533333333333335,57.0,6.852631578947369,0,1,1.0,0,31.93548387096774,2015,2015,0,21,21,8.0,0.0,168.0,8.0,66.02,9,9,37.635031,37.6350862,Skoda,Octavia,Clear,True,False,False,False,False,False,False,True,False,False,True,False,False,False,False,False,False,False,True,False,True,False,False,True,False,False
4.53,5.703782474656201,1.79,5.7,12.0,8.066666666666666,0,1,1.0,0,81.56596794081382,2015,2015,0,10,10,13.0,0.31,130.0,13.0,66.03,9,9,30.4091335,30.3984878,Hyundai,Solaris,Partly Cloudy,True,False,False,False,False,False,False,True,False,True,False,False,False,True,False,False,False,False,False,False,False,True,False,False,True,False
7.84,6.251903883165888,13.78,46.43333333333333,57.0,13.78,0,1,1.0,0,37.59071117561684,2015,2015,0,13,13,16.0,0.75,208.0,16.0,66.03,9,9,30.3327916,30.4092949,Mitsubishi,other,Mostly Cloudy,True,False,False,False,False,False,False,True,False,True,False,False,False,True,False,False,False,False,False,False,False,False,False,False,False,False
3.95,5.568344503761097,7.97,22.3,34.0,14.064705882352941,0,1,1.0,0,32.747804265997495,2015,2015,0,18,18,14.0,0.57,252.0,14.0,66.03,9,9,30.3280986,30.4091628,Volkswagen,Polo,Partly Cloudy,True,False,False,False,False,False,False,True,False,True,False,False,False,True,False,False,False,False,False,False,True,False,False,True,False,False
3.0,5.293304824724492,6.69,14.55,21.0,19.114285714285717,0,1,1.0,0,29.59641255605381,2015,2015,1,19,19,13.0,0.56,247.0,13.0,66.03,9,9,30.4092486,30.3270476,Chevrolet,Cruze,Partly Cloudy,True,False,False,False,False,False,False,True,False,True,False,False,False,False,True,False,False,False,False,False,True,False,False,True,False,False
12.97,6.55250788703459,33.97,41.53333333333333,52.0,42.4875,0,1,1.0,0,26.795284030010716,2015,2015,0,12,12,17.0,0.79,204.0,17.0,65.52,9,9,30.496485,30.40959,Hyundai,Solaris,Mostly Cloudy,True,False,False,False,False,False,False,True,False,True,False,False,False,True,False,False,False,False,False,False,False,False,False,False,False,False
1.72,4.709530201312334,1.92,6.733333333333333,18.0,6.852631578947369,0,1,1.0,0,57.29166666666667,2015,2015,0,11,11,13.0,0.95,143.0,13.0,65.52,9,9,30.3910466,30.4094933,Hyundai,Solaris,Overcast,True,False,False,False,False,False,False,True,False,True,False,True,False,False,False,False,False,False,False,False,False,True,False,False,True,False
8.01,6.26530121273771,9.78,16.066666666666666,34.0,17.258823529411764,0,0,1.0,0,53.68098159509203,2015,2015,0,17,17,13.0,0.93,221.0,13.0,65.52,9,9,30.3371833,30.4094506,other,other,Mostly Cloudy,True,False,False,False,True,False,False,False,False,True,False,False,False,True,False,False,False,False,False,False,True,False,False,True,False,False
2.05,4.90527477843843,3.77,10.4,21.0,10.771428571428572,0,1,1.0,0,35.54376657824934,2015,2015,0,21,21,7.0,0.99,189.0,9.0,65.52,9,9,37.635031,37.6350862,Skoda,Octavia,Foggy,True,False,False,False,False,False,False,True,False,False,False,False,True,False,False,False,False,False,True,False,True,False,False,True,False,False
2.92,5.2574953720277815,5.94,17.65,28.0,12.72857142857143,0,1,1.0,0,32.15488215488215,2015,2015,0,21,21,7.0,0.99,198.0,9.0,65.52,9,9,37.635031,37.6350862,other,other,Foggy,True,False,False,False,False,False,False,True,False,False,False,False,True,False,False,False,False,False,True,False,False,False,True,False,False,True
3.59,5.4638318050256105,8.9,17.566666666666666,21.0,25.42857142857143,0,1,1.0,0,26.40449438202247,2015,2015,1,20,20,10.0,0.75,200.0,10.0,65.52,9,9,30.4093849,30.3363233,Hyundai,Solaris,Mostly Cloudy,True,False,False,False,False,False,False,True,False,True,False,False,False,False,True,False,False,False,False,False,True,False,False,True,False,False
3.91,5.54907608489522,12.04,17.483333333333334,29.0,24.910344827586204,0,1,1.0,0,21.262458471760798,2015,2015,0,9,9,8.0,0.63,72.0,8.0,65.47,9,9,30.3589433,30.4095283,other,other,Mostly Cloudy,True,False,False,False,False,False,False,True,False,True,False,False,False,True,False,False,False,False,False,False,False,True,False,False,True,False
4.49,5.68697535633982,11.6,23.316666666666666,30.0,23.2,0,1,1.0,0,25.344827586206897,2015,2015,0,9,9,10.0,0.75,90.0,10.0,65.47,9,9,30.4092666,30.3590766,Kia,other,Mostly Cloudy,True,False,False,False,False,False,False,True,False,True,False,False,False,True,False,False,False,False,False,False,False,True,False,False,True,False
2.5,5.10594547390058,5.68,10.683333333333334,20.0,17.04,0,1,1.0,0,28.87323943661972,2015,2015,0,15,15,13.0,0.44,195.0,13.0,65.47,9,9,30.35459077,30.40949089,Hyundai,Solaris,Partly Cloudy,True,False,False,False,False,False,False,True,False,True,False,False,False,True,False,False,False,False,False,False,False,False,False,False,False,False
2.58,5.135798437050262,5.65,11.4,21.0,16.142857142857146,0,1,1.0,0,29.91150442477876,2015,2015,0,18,18,11.0,0.46,198.0,11.0,65.47,9,9,30.40921,30.3554761,other,other,Partly Cloudy,True,False,False,False,False,False,False,True,False,True,False,False,False,True,False,False,False,False,False,False,True,False,False,True,False,False
1.72,4.6848128136402885,2.48,5.7,19.0,7.831578947368421,0,1,1.0,0,43.145161290322584,2015,2015,0,8,8,9.0,0.81,72.0,9.0,66.42,9,9,30.37249628,30.40691631,other,other,Mostly Cloudy,True,False,False,False,False,False,False,True,False,True,False,False,False,True,False,False,False,False,False,False,False,True,False,False,True,False
2.32,5.043425116919247,4.02,10.916666666666666,19.0,12.694736842105263,0,1,1.0,0,38.30845771144279,2015,2015,0,9,9,8.0,0.79,90.0,10.0,66.42,9,9,30.4093883,30.37288,Volkswagen,Polo,Mostly Cloudy,True,False,False,False,False,False,False,True,False,True,False,False,False,True,False,False,False,False,False,False,False,True,False,False,True,False
1.72,4.6848128136402885,2.06,5.816666666666666,12.0,13.733333333333334,0,1,1.0,0,50.970873786407765,2015,2015,1,21,21,6.0,0.92,176.0,8.0,66.42,9,9,30.40939246,30.38977797,other,other,Mostly Cloudy,True,False,False,False,False,False,False,True,False,True,False,False,False,False,True,False,False,False,False,False,False,False,True,False,False,True
5.39,5.87493073085203,11.43,32.25,44.0,15.586363636363638,0,1,1.0,0,31.058617672790902,2015,2015,0,9,9,6.0,0.72,81.0,9.0,65.83,9,9,30.3590248,30.4094287,Chevrolet,Lacetti,Mostly Cloudy,True,False,False,False,False,False,False,True,False,True,False,False,False,True,False,False,False,False,False,False,False,True,False,False,True,False
4.79,5.755742213586912,12.05,25.866666666666667,36.0,20.083333333333336,0,1,1.0,0,26.141078838174273,2015,2015,0,10,10,6.0,0.89,90.0,9.0,65.83,9,9,30.409335,30.3592446,Nissan,Almera,Mostly Cloudy,True,False,False,False,False,False,False,True,False,True,False,False,False,True,False,False,False,False,False,False,False,True,False,False,True,False
3.25,5.3706380281276624,6.71,16.733333333333334,30.0,13.42,0,1,1.0,0,31.892697466467958,2015,2015,0,13,13,7.0,1.0,117.0,9.0,65.83,9,9,30.43828246,30.40940553,Hyundai,Solaris,Overcast,True,False,False,False,False,False,False,True,False,True,False,True,False,False,False,False,False,False,False,False,False,False,False,False,False,False
3.65,5.484796933490655,5.13,22.1,35.0,8.794285714285714,0,1,1.0,0,46.78362573099415,2015,2015,0,15,15,9.0,0.9,150.0,10.0,65.83,9,9,30.4108714,30.4382834,other,other,Mostly Cloudy,True,False,False,False,False,False,False,True,False,True,False,False,False,True,False,False,False,False,False,False,False,False,False,False,False,False
1.72,4.736198448394496,1.79,7.35,16.0,6.852631578947369,0,1,1.0,0,63.12849162011173,2015,2015,0,16,16,8.0,1.0,160.0,10.0,65.83,9,9,30.3937893,30.4094426,Hyundai,Solaris,Overcast,True,False,False,False,False,False,False,True,False,True,False,True,False,False,False,False,False,False,False,False,False,False,False,False,False,False
4.41,5.666426688112432,10.17,23.883333333333333,32.0,19.06875,0,1,1.0,0,28.31858407079646,2015,2015,0,16,16,13.0,0.9,208.0,13.0,65.34,9,9,30.33141707,30.40924732,Volkswagen,Polo,Mostly Cloudy,True,False,False,False,False,False,False,True,False,True,False,False,False,True,False,False,False,False,False,False,False,False,False,False,False,False
3.01,5.288267030694535,6.76,14.333333333333334,19.0,21.347368421052632,0,1,1.0,0,29.14201183431953,2015,2015,1,19,19,12.0,0.8,228.0,12.0,65.34,9,9,30.40920851,30.32769257,Kia,Rio,Mostly Cloudy,True,False,False,False,False,False,False,True,False,True,False,False,False,False,True,False,False,False,False,False,True,False,False,True,False,False
6.1,5.996452088619021,15.93,34.28333333333333,41.0,23.31219512195122,0,1,1.0,0,25.17263025737602,2015,2015,0,13,13,12.0,0.99,156.0,12.0,65.7,10,10,30.2742717,30.4093005,Volkswagen,Polo,Overcast,True,False,False,False,False,False,False,True,False,True,False,True,False,False,False,False,False,False,False,False,False,False,False,False,False,False
1.72,4.6848128136402885,1.79,5.7,12.0,7.8,0,1,1.0,0,51.92307692307692,2015,2015,0,16,16,12.0,0.75,192.0,12.0,65.7,10,10,30.2742717,30.2808294,Renault,other,Mostly Cloudy,True,False,False,False,False,False,False,True,False,True,False,False,False,True,False,False,False,False,False,False,False,False,False,False,False,False
7.37,6.184148890937483,12.57,33.516666666666666,38.0,19.847368421052632,0,1,1.0,0,38.50437549721559,2015,2015,0,18,18,12.0,0.92,216.0,12.0,65.7,10,10,30.3557114,30.2808294,Ford,Focus,Mostly Cloudy,True,False,False,False,False,False,False,True,False,True,False,False,False,True,False,False,False,False,False,False,True,False,False,True,False,False
5.48,5.8944028342648505,12.01,20.033333333333335,30.0,24.02,0,1,1.0,0,30.141548709408827,2015,2015,0,11,11,13.0,0.81,143.0,13.0,66.05,10,10,30.39163996,30.43654433,Volkswagen,Polo,Mostly Cloudy,True,False,False,False,False,False,False,True,False,True,False,False,False,True,False,False,False,False,False,False,False,True,False,False,True,False
12.97,6.55250788703459,33.97,46.43333333333333,57.0,38.42105263157895,0,1,1.0,0,27.397260273972602,2015,2015,0,13,13,6.0,0.31,117.0,9.0,64.79,10,10,30.2742717,30.40936215,Hyundai,Solaris,Partly Cloudy,True,False,False,False,False,False,False,True,False,True,False,False,False,True,False,False,False,False,False,False,False,False,False,False,False,False
12.97,6.55250788703459,33.97,38.05,47.0,42.4875,0,1,1.0,0,23.09468822170901,2015,2015,0,7,7,-6.0,0.31,-30.0,-6.0,62.5,10,10,30.4092933,30.2808294,Hyundai,other,Foggy,True,False,False,False,False,False,False,True,False,True,False,False,True,False,False,False,False,False,False,False,False,True,False,False,True,False
12.97,6.55250788703459,33.97,46.43333333333333,57.0,26.819417475728155,0,1,1.0,0,21.720243266724587,2015,2015,0,8,8,-3.0,0.18,-24.0,-3.0,62.5,10,10,30.2742717,30.4089016,other,other,Clear,True,False,False,False,False,False,False,True,False,True,False,False,False,False,False,False,False,False,False,False,False,True,False,False,True,False
12.97,6.55250788703459,33.97,38.2,46.0,42.4875,0,1,1.0,0,25.13826043237808,2015,2015,1,20,20,4.0,0.83,120.0,6.0,61.81,10,10,30.4093763,30.3229401,Kia,Rio,Mostly Cloudy,True,False,False,False,False,False,False,True,False,True,False,False,False,False,True,False,False,False,False,False,True,False,False,True,False,False
4.74,5.703782474656201,1.79,5.7,13.0,6.852631578947369,0,1,1.0,0,81.56596794081382,2015,2015,0,11,11,5.0,1.0,77.0,7.0,63.01,10,10,30.35644342,30.36296457,Ford,Focus,Overcast,True,False,False,False,False,False,False,True,False,True,False,True,False,False,False,False,False,False,False,False,False,True,False,False,True,False
5.04,5.777652323222656,13.31,25.616666666666667,31.0,25.761290322580642,0,1,1.0,0,24.192336589030802,2015,2015,0,14,14,-1.0,0.39,42.0,3.0,63.95,10,10,30.4093183,30.2808294,other,other,Partly Cloudy,True,False,False,False,False,False,False,True,False,True,False,False,False,True,False,False,False,False,False,False,False,False,False,False,False,False
2.17,4.941642422609304,3.01,9.716666666666667,17.0,10.623529411764705,0,1,1.0,0,46.179401993355484,2015,2015,0,9,9,1.0,0.68,9.0,1.0,64.05,10,10,30.4004693,30.4093982,Skoda,Octavia,Mostly Cloudy,True,False,False,False,False,False,False,True,False,True,False,False,False,True,False,False,False,False,False,False,False,True,False,False,True,False
3.36,5.375278407684165,5.97,17.616666666666667,26.0,13.776923076923076,0,1,1.0,0,36.01340033500838,2015,2015,0,14,14,3.0,0.75,42.0,3.0,64.05,10,10,30.40927581,30.354444,Ford,Focus,Mostly Cloudy,True,False,False,False,False,False,False,True,False,True,False,False,False,True,False,False,False,False,False,False,False,False,False,False,False,False
2.5,5.087596335232384,4.65,11.283333333333333,18.0,15.500000000000002,0,1,1.0,0,34.62365591397849,2015,2015,0,14,14,3.0,0.25,42.0,3.0,64.37,11,11,30.4092816,30.373075,Volkswagen,Polo,Partly Cloudy,True,False,False,False,False,False,False,True,False,True,False,False,False,True,False,False,False,False,False,False,False,False,False,False,False,False
2.26,4.990432586778736,3.17,10.583333333333334,25.0,7.608,0,1,1.0,0,46.056782334384856,2015,2015,0,17,17,3.0,0.99,85.0,5.0,64.66,11,11,30.4092063,30.378576,Kia,other,Overcast,True,False,False,False,False,False,False,True,False,True,False,True,False,False,False,False,False,False,False,False,True,False,False,True,False,False
5.61,5.929589143389895,19.07,27.366666666666667,45.0,25.426666666666666,0,1,1.0,0,19.664394336654432,2015,2015,1,18,18,0.0,0.81,54.0,3.0,66.85,11,11,30.43143882,30.37765374,other,other,Mostly Cloudy,True,False,False,False,False,False,False,True,False,True,False,False,False,False,True,False,False,False,False,False,True,False,False,True,False,False
10.17,6.507277712385012,17.32,46.43333333333333,57.0,12.829629629629629,0,1,1.0,0,38.62586605080831,2015,2015,1,16,16,-7.0,0.84,-32.0,-2.0,65.78,11,11,30.4091016,30.360055,Hyundai,Solaris,Mostly Cloudy,True,False,False,False,False,False,False,True,False,True,False,False,False,False,True,False,False,False,False,False,False,False,False,False,False,False
5.2,5.8522024797744745,16.08,26.483333333333334,44.0,21.927272727272726,0,1,1.0,0,21.579601990049753,2015,2015,0,21,21,-5.0,0.95,21.0,1.0,66.67,11,11,30.40924195,30.37902268,other,other,Overcast,True,False,False,False,False,False,False,True,False,True,False,True,False,False,False,False,False,False,False,False,True,False,False,True,False,False
5.01,5.814130531825066,5.95,34.7,41.0,8.707317073170731,0,1,1.0,0,56.134453781512605,2015,2015,1,16,16,-1.0,0.75,32.0,2.0,66.69,12,12,30.4092287,30.3540203,Hyundai,Solaris,Mostly Cloudy,True,False,False,False,False,False,False,True,False,True,False,False,False,False,True,False,False,False,False,False,False,False,False,False,False,False
2.11,4.962844630259907,2.99,10.166666666666666,20.0,8.97,0,1,1.0,0,47.49163879598662,2015,2015,1,17,17,-2.0,0.88,17.0,1.0,67.34,12,12,30.4092266,30.3786583,Hyundai,Solaris,Mostly Cloudy,True,False,False,False,False,False,False,True,False,True,False,False,False,False,True,False,False,False,False,False,True,False,False,True,False,False
12.97,6.55250788703459,1.79,5.7,13.0,6.852631578947369,0,0,1.0,0,81.56596794081382,2015,2015,0,12,12,-3.0,0.78,36.0,3.0,67.75,12,12,30.4095033,30.4095033,Ford,other,Breezy and Mostly Cloudy,True,False,False,False,False,True,False,False,False,True,False,False,False,False,False,False,False,True,False,False,False,False,False,False,False,False
1.72,4.6848128136402885,1.79,5.7,22.0,6.852631578947369,0,1,1.0,0,81.56596794081382,2015,2015,0,15,15,-5.0,0.77,15.0,1.0,67.75,12,12,30.34841482,30.34841482,other,other,Flurries,True,False,False,False,False,False,False,True,False,True,False,False,False,False,False,False,True,False,False,True,False,False,False,False,False,False
5.54,5.993961427306569,20.58,25.516666666666666,32.0,38.5875,0,1,1.0,0,19.436345966958214,2015,2015,0,7,7,-18.0,1.0,-60.0,-12.0,67.75,12,12,37.635031,37.6350862,Volkswagen,Polo,Overcast,True,False,False,False,False,False,False,True,False,False,False,True,False,False,False,False,False,False,False,True,False,True,False,False,True,False
2.67,5.267858159063328,7.35,16.5,26.0,16.96153846153846,0,1,1.0,0,26.258503401360546,2015,2015,0,21,21,-19.0,1.0,-135.0,-19.0,67.75,12,12,37.635031,37.6350862,Hyundai,Solaris,Overcast,True,False,False,False,False,False,False,True,False,False,False,True,False,False,False,False,False,False,False,True,False,False,True,False,False,True
1.99,4.990432586778736,4.63,11.516666666666667,27.0,10.288888888888888,0,1,1.0,0,31.533477321814257,2015,2015,1,21,21,-25.0,0.34,-135.0,-19.0,67.75,12,12,37.635031,37.6350862,Ford,Focus,Partly Cloudy,True,False,False,False,False,False,False,True,False,False,False,False,False,False,True,False,False,False,False,True,False,False,True,False,False,True
2.19,5.081404364984463,5.13,13.25,20.0,15.39,0,1,1.0,0,31.18908382066277,2016,2016,0,8,8,-29.0,0.97,-135.0,-22.0,67.75,1,1,37.635031,37.6350862,Chevrolet,Lacetti,Overcast,True,False,False,False,False,False,False,True,False,False,False,True,False,False,False,False,False,False,False,True,False,True,False,False,True,False
12.97,6.55250788703459,33.97,38.56666666666667,47.0,42.4875,0,1,1.0,0,23.31002331002331,2016,2016,0,7,7,-17.0,1.0,-91.0,-13.0,67.75,1,1,30.4092151,30.2808294,Volkswagen,Polo,Overcast,True,False,False,False,False,False,False,True,False,True,False,True,False,False,False,False,False,False,False,False,False,True,False,False,True,False
2.88,5.41610040220442,6.34,18.633333333333333,32.0,11.8875,0,1,1.0,0,35.33123028391167,2016,2016,0,19,19,-18.0,0.77,-135.0,-18.0,67.75,1,1,30.4090116,30.3544483,other,other,Foggy,True,False,False,False,False,False,False,True,False,True,False,False,True,False,False,False,False,False,False,False,True,False,False,True,False,False
1.72,4.77912349311153,1.79,8.166666666666666,19.0,6.852631578947369,0,1,1.0,0,74.21383647798741,2016,2016,0,12,12,-22.0,0.96,-135.0,-17.0,67.75,1,1,30.3036595,30.3150199,Ford,Focus,Light Snow,True,False,False,False,False,False,False,True,False,True,False,False,False,False,False,False,True,False,False,True,False,False,False,False,False,False
1.72,4.709530201312334,1.79,6.85,12.0,8.75,0,1,1.0,0,62.857142857142854,2016,2016,1,19,19,-16.0,0.86,-135.0,-16.0,67.75,1,1,30.40927395,30.39659535,Volkswagen,Polo,Mostly Cloudy,True,False,False,False,False,False,False,True,False,True,False,False,False,False,True,False,False,False,False,False,True,False,False,True,False,False
4.58,5.8805329864007,12.39,31.533333333333335,50.0,14.868,0,1,1.0,0,28.813559322033896,2016,2016,0,12,12,-1.0,1.0,24.0,2.0,67.75,1,1,30.39385906,30.41221149,Hyundai,other,Overcast,True,False,False,False,False,False,False,True,False,True,False,True,False,False,False,False,False,False,True,False,False,False,False,False,False,False
4.7,5.869296913133774,13.21,30.1,37.0,21.42162162162162,0,1,1.0,0,26.722180166540497,2016,2016,0,16,16,-3.0,0.97,0.0,0.0,67.75,2,2,30.4092483,30.2808294,Ford,Focus,Overcast,True,False,False,False,False,False,False,True,False,True,False,True,False,False,False,False,False,False,False,False,False,False,False,False,False,False
1.72,4.6848128136402885,1.79,5.7,12.0,6.852631578947369,0,1,1.0,0,81.56596794081382,2016,2016,0,16,16,-3.0,0.75,16.0,1.0,67.75,2,2,30.2759206,30.2826881,Volkswagen,Polo,Mostly Cloudy,True,False,False,False,False,False,False,True,False,True,False,False,False,True,False,False,False,False,False,False,False,False,False,False,False,False
4.59,5.84354441703136,15.68,26.416666666666668,33.0,28.509090909090908,0,1,1.0,0,21.93877551020408,2016,2016,1,21,21,-10.0,0.27,-135.0,-10.0,67.75,2,2,30.3563118,30.4093786,Chevrolet,Cruze,Partly Cloudy,True,False,False,False,False,False,False,True,False,True,False,False,False,False,True,False,False,False,False,False,True,False,False,True,False,False
4.93,5.872117789475416,5.71,18.016666666666666,21.0,16.314285714285717,0,0,1.0,0,61.996497373029776,2016,2016,0,15,15,-1.0,0.97,30.0,2.0,67.75,3,3,30.409991,30.33642,Skoda,Octavia,Drizzle,False,True,False,False,False,False,False,False,False,True,False,False,False,False,False,True,False,False,True,False,False,False,False,False,False,False
2.16,5.0238805208462765,3.51,11.05,14.0,15.042857142857141,0,1,1.0,0,43.01994301994302,2016,2016,0,17,17,-2.0,0.8,17.0,1.0,67.75,3,3,30.3569583,30.323775,Volkswagen,Polo,Mostly Cloudy,True,False,False,False,False,False,False,True,False,True,False,False,False,True,False,False,False,False,False,False,True,False,False,True,False,False
3.0,5.3230099791384085,5.9,10.833333333333334,19.0,18.631578947368425,0,0,1.0,0,34.57627118644068,2016,2016,0,11,11,1.0,0.76,44.0,4.0,67.75,3,3,30.409991,30.462224,Volkswagen,Polo,Mostly Cloudy,False,True,False,False,False,False,False,False,False,True,False,False,False,True,False,False,False,False,False,False,False,True,False,False,True,False
1.86,4.844187086458591,2.74,8.166666666666666,14.0,11.742857142857144,0,1,1.0,0,45.98540145985401,2016,2016,0,8,8,-5.0,0.81,-40.0,-5.0,67.75,3,3,30.32399,30.35941,Nissan,Almera,Mostly Cloudy,True,False,False,False,False,False,False,True,False,True,False,False,False,True,False,False,False,False,False,False,False,True,False,False,True,False
3.34,5.438079308923196,6.42,19.266666666666666,29.0,13.282758620689656,0,1,1.0,0,35.66978193146417,2016,2016,0,18,18,1.0,0.92,54.0,3.0,67.75,3,3,30.37748,30.409305,other,other,Mostly Cloudy,True,False,False,False,False,False,False,True,False,True,False,False,False,True,False,False,False,False,False,False,True,False,False,True,False,False
2.83,5.272999558563747,5.92,14.716666666666667,24.0,14.799999999999999,0,1,1.0,0,32.770270270270274,2016,2016,0,19,19,-1.0,1.0,38.0,2.0,67.75,3,3,30.41038312,30.37655971,other,other,Overcast,True,False,False,False,False,False,False,True,False,True,False,True,False,False,False,False,False,False,False,False,True,False,False,True,False,False
2.0,4.912654885736052,1.79,11.233333333333333,14.0,6.852631578947369,0,1,1.0,0,81.56596794081382,2016,2016,0,13,13,6.0,0.75,91.0,7.0,67.5,4,4,30.3453303,30.34800947,other,other,Light Rain,True,False,False,False,False,False,False,True,False,True,False,False,False,False,False,True,False,False,True,False,False,False,False,False,False,False
1.93,4.875197323201151,2.15,5.7,12.0,16.125,0,0,1.0,0,60.46511627906977,2016,2016,0,14,14,6.0,0.75,98.0,7.0,67.5,4,4,30.32068648,30.3474822,Hyundai,Solaris,Light Rain,False,True,False,False,False,False,False,False,False,True,False,False,False,False,False,True,False,False,True,False,False,False,False,False,False,False
12.97,6.55250788703459,33.97,46.03333333333333,51.0,42.4875,0,0,1.0,0,38.89602053915276,2016,2016,0,10,10,6.0,0.31,60.0,6.0,67.75,4,4,30.2742717,30.4094353,Mercedes-Benz,other,Partly Cloudy,True,False,False,False,True,False,False,False,False,True,False,False,False,True,False,False,False,False,False,False,False,True,False,False,True,False
3.07,5.3471075307174685,6.74,16.066666666666666,26.0,15.553846153846154,0,1,1.0,0,31.008902077151333,2016,2016,0,13,13,11.0,0.3,143.0,11.0,67.75,4,4,30.3539099,30.4094166,other,other,Partly Cloudy,True,False,False,False,False,False,False,True,False,True,False,False,False,True,False,False,False,False,False,False,False,False,False,False,False,False
5.5,5.91350300563827,15.08,30.616666666666667,36.0,25.133333333333333,0,1,1.0,0,24.46949602122016,2016,2016,0,16,16,11.0,0.17,176.0,11.0,67.11,4,4,30.5116066,30.3368916,Volkswagen,Polo,Clear,True,False,False,False,False,False,False,True,False,True,False,False,False,False,False,False,False,False,False,False,False,False,False,False,False,False
12.97,6.55250788703459,33.97,37.15,38.0,42.4875,0,1,1.0,0,21.891418563922944,2016,2016,0,7,7,-1.0,0.75,14.0,2.0,67.35,4,4,30.274495,30.4094353,Ford,Focus,Mostly Cloudy,True,False,False,False,False,False,False,True,False,True,False,False,False,True,False,False,False,False,False,False,False,True,False,False,True,False
2.45,5.10594547390058,4.23,12.15,20.0,12.690000000000001,0,1,1.0,0,38.77068557919621,2016,2016,0,8,8,0.0,0.34,16.0,2.0,66.86,4,4,30.4283223,30.4094523,Kia,Rio,Partly Cloudy,True,False,False,False,False,False,False,True,False,True,False,False,False,True,False,False,False,False,False,False,False,True,False,False,True,False
3.26,5.4116460518550396,6.24,16.3,17.0,22.023529411764706,0,1,1.0,0,35.73717948717949,2016,2016,0,17,17,14.0,0.77,238.0,14.0,67.75,4,4,30.4092156,30.3545545,Volkswagen,Polo,Mostly Cloudy,True,False,False,False,False,False,False,True,False,True,False,False,False,True,False,False,False,False,False,False,True,False,False,True,False,False
3.7,5.501258210544727,10.61,17.116666666666667,24.0,26.525,0,1,1.0,0,22.99717247879359,2016,2016,0,17,17,6.0,0.75,136.0,8.0,65.87,4,4,30.409313,30.3310455,Skoda,Octavia,Mostly Cloudy,True,False,False,False,False,False,False,True,False,True,False,False,False,True,False,False,False,False,False,False,True,False,False,True,False,False
3.18,5.3471075307174685,7.08,15.716666666666667,17.0,24.988235294117647,0,1,1.0,0,29.519774011299436,2016,2016,0,18,18,8.0,0.08,162.0,9.0,65.68,4,4,30.3181126,30.4040423,Volkswagen,Polo,Clear,True,False,False,False,False,False,False,True,False,True,False,False,False,False,False,False,False,False,False,False,True,False,False,True,False,False
3.17,5.342334251964811,6.78,15.916666666666666,19.0,21.410526315789475,0,1,1.0,0,30.678466076696164,2016,2016,0,19,19,7.0,0.46,171.0,9.0,65.68,4,4,30.39639894,30.31802745,Kia,Rio,Partly Cloudy,True,False,False,False,False,False,False,True,False,True,False,False,False,True,False,False,False,False,False,False,True,False,False,True,False,False
4.18,5.605802066295998,11.33,20.266666666666666,27.0,25.177777777777777,0,1,1.0,0,23.918799646954987,2016,2016,0,11,11,15.0,0.71,165.0,15.0,64.88,5,5,30.3664563,30.4094622,Chevrolet,Cruze,Mostly Cloudy,True,False,False,False,False,False,False,True,False,True,False,False,False,True,False,False,False,False,False,False,False,True,False,False,True,False
1.72,4.727387818712341,2.38,6.533333333333333,13.0,10.984615384615383,0,1,1.0,0,47.05882352941177,2016,2016,0,15,15,18.0,0.23,270.0,18.0,66.38,5,5,30.4094435,30.3871148,Nissan,other,Clear,True,False,False,False,False,False,False,True,False,True,False,False,False,False,False,False,False,False,False,False,False,False,False,False,False,False
3.48,5.4510384535657,8.01,18.033333333333335,23.0,20.895652173913042,0,1,1.0,0,28.963795255930087,2016,2016,0,12,12,17.0,0.6,204.0,17.0,66.62,5,5,30.4092243,30.3363214,Renault,other,Mostly Cloudy,True,False,False,False,False,False,False,True,False,True,False,False,False,True,False,False,False,False,False,False,False,False,False,False,False,False
1.72,4.6848128136402885,1.79,5.7,12.0,6.852631578947369,0,1,1.0,0,81.56596794081382,2016,2016,0,9,9,17.0,0.02,153.0,17.0,65.37,5,5,30.4094523,30.4094523,Ford,Focus,Clear,True,False,False,False,False,False,False,True,False,True,False,False,False,False,False,False,False,False,False,False,False,True,False,False,True,False
4.1,5.594711379601839,10.99,20.233333333333334,34.0,19.394117647058824,0,1,1.0,0,24.385805277525023,2016,2016,0,10,10,17.0,0.0,170.0,17.0,65.37,5,5,30.3664563,30.4094781,Kia,other,Clear,True,False,False,False,False,False,False,True,False,True,False,False,False,False,False,False,False,False,False,False,False,True,False,False,True,False
2.85,5.241747015059643,5.33,14.483333333333333,26.0,12.299999999999999,0,1,1.0,0,35.272045028142585,2016,2016,0,13,13,21.0,0.0,273.0,21.0,65.92,5,5,30.515515,30.4839616,Kia,other,Clear,True,False,False,False,False,False,False,True,False,True,False,False,False,False,False,False,False,False,False,False,False,False,False,False,False,False
4.82,5.765191102784844,9.4,28.9,36.0,15.666666666666668,0,1,1.0,0,33.82978723404255,2016,2016,0,14,14,22.0,0.04,308.0,22.0,65.92,5,5,30.5182,30.4448344,Hyundai,Solaris,Clear,True,False,False,False,False,False,False,True,False,True,False,False,False,False,False,False,False,False,False,False,False,False,False,False,False,False
4.87,5.7745515455444085,14.68,24.116666666666667,28.0,31.457142857142856,0,1,1.0,0,21.86648501362398,2016,2016,0,15,15,21.0,0.03,315.0,21.0,65.92,5,5,30.3664563,30.5190454,Kia,other,Clear,True,False,False,False,False,False,False,True,False,True,False,False,False,False,False,False,False,False,False,False,False,False,False,False,False,False
3.13,5.332718793265369,7.11,15.316666666666666,20.0,21.330000000000002,0,1,1.0,0,28.973277074542896,2016,2016,0,11,11,18.0,0.0,198.0,18.0,65.92,5,5,30.4350383,30.38448893,other,other,Clear,True,False,False,False,False,False,False,True,False,True,False,False,False,False,False,False,False,False,False,False,False,True,False,False,True,False
2.06,4.919980925828125,3.77,8.55,18.0,12.566666666666666,0,1,1.0,0,36.07427055702918,2016,2016,0,18,18,17.0,0.23,306.0,17.0,65.92,5,5,30.4092433,30.4346699,other,other,Clear,True,False,False,False,False,False,False,True,False,True,False,False,False,False,False,False,False,False,False,False,True,False,False,True,False,False
3.74,5.497168225293202,8.14,19.466666666666665,25.0,19.536,0,1,1.0,0,29.85257985257985,2016,2016,0,18,18,7.0,0.38,180.0,10.0,65.02,5,5,30.3664563,30.4443433,Hyundai,Solaris,Partly Cloudy,True,False,False,False,False,False,False,True,False,True,False,False,False,True,False,False,False,False,False,False,True,False,False,True,False,False
3.25,5.356586274672012,5.39,17.733333333333334,19.0,17.021052631578947,0,1,1.0,0,39.14656771799629,2016,2016,0,13,13,13.0,0.31,169.0,13.0,65.02,5,5,30.2796237,30.3285024,Renault,other,Partly Cloudy,True,False,False,False,False,False,False,True,False,True,False,False,False,True,False,False,False,False,False,False,False,False,False,False,False,False
5.78,5.934894195619588,15.14,31.633333333333333,44.0,20.645454545454548,0,1,1.0,0,24.90092470277411,2016,2016,0,15,15,17.0,0.34,255.0,17.0,65.21,5,5,30.3664563,30.43496,Nissan,Almera,Partly Cloudy,True,False,False,False,False,False,False,True,False,True,False,False,False,True,False,False,False,False,False,False,False,False,False,False,False,False
3.28,5.3706380281276624,6.47,17.066666666666666,19.0,20.431578947368422,0,1,1.0,0,33.0757341576507,2016,2016,0,18,18,16.0,0.09,288.0,16.0,65.21,5,5,30.3902412,30.3325837,other,other,Clear,True,False,False,False,False,False,False,True,False,True,False,False,False,False,False,False,False,False,False,False,True,False,False,True,False,False
4.09,5.5909869805108565,13.04,18.016666666666666,28.0,27.94285714285714,0,1,1.0,0,20.47546012269939,2016,2016,0,20,20,15.0,0.08,300.0,15.0,65.21,5,5,30.4092925,30.3894396,Renault,other,Clear,True,False,False,False,False,False,False,True,False,True,False,False,False,False,False,False,False,False,False,False,True,False,False,True,False,False
4.94,5.777652323222656,12.05,26.916666666666668,31.0,23.32258064516129,0,1,1.0,0,26.72199170124481,2016,2016,0,11,11,18.0,0.53,198.0,18.0,65.21,5,5,30.2742717,30.3829156,Hyundai,Solaris,Partly Cloudy,True,False,False,False,False,False,False,True,False,True,False,False,False,True,False,False,False,False,False,False,False,True,False,False,True,False
6.5,6.052089168924417,17.11,36.4,44.0,23.331818181818182,0,1,1.0,0,24.78082992402104,2016,2016,0,12,12,18.0,0.74,216.0,18.0,65.21,5,5,30.2742717,30.2808294,Hyundai,Solaris,Mostly Cloudy,True,False,False,False,False,False,False,True,False,True,False,False,False,True,False,False,False,False,False,False,False,False,False,False,False,False
1.98,4.867534450455582,3.01,8.366666666666667,12.0,15.049999999999999,0,1,1.0,0,42.85714285714286,2016,2016,0,15,15,19.0,0.73,285.0,19.0,65.21,5,5,30.3212733,30.36025,Chevrolet,Cruze,Mostly Cloudy,True,False,False,False,False,False,False,True,False,True,False,False,False,True,False,False,False,False,False,False,False,False,False,False,False,False
2.52,5.111987788356544,4.22,12.35,18.0,14.066666666666666,0,1,1.0,0,39.09952606635071,2016,2016,0,20,20,18.0,0.11,342.0,18.0,65.59,5,5,30.4009095,30.4337998,other,other,Clear,True,False,False,False,False,False,False,True,False,True,False,False,False,False,False,False,False,False,False,False,True,False,False,True,False,False
2.16,4.948759890378168,3.7,9.233333333333333,16.0,13.875,0,1,1.0,0,37.83783783783784,2016,2016,0,9,9,15.0,0.39,135.0,15.0,64.79,5,5,30.4282379,30.4091675,Nissan,other,Partly Cloudy,True,False,False,False,False,False,False,True,False,True,False,False,False,True,False,False,False,False,False,False,False,True,False,False,True,False
3.72,5.488937726156687,8.16,19.216666666666665,25.0,19.584,0,1,1.0,0,29.534313725490197,2016,2016,0,15,15,18.0,0.73,270.0,18.0,64.79,5,5,30.3664563,30.4447168,Hyundai,Solaris,Mostly Cloudy,True,False,False,False,False,False,False,True,False,True,False,False,False,True,False,False,False,False,True,False,False,False,False,False,False,False
3.85,5.552959584921617,5.09,24.5,28.0,10.907142857142857,0,1,1.0,0,50.491159135559926,2016,2016,0,14,14,14.0,0.83,196.0,14.0,66.75,5,5,30.3240396,30.2894103,Ford,Focus,Mostly Cloudy,True,False,False,False,False,False,False,True,False,True,False,False,False,True,False,False,False,False,False,False,False,False,False,False,False,False
4.97,5.808142489980444,6.73,33.56666666666667,47.0,8.591489361702129,0,1,1.0,0,49.33135215453194,2016,2016,0,16,16,16.0,0.0,256.0,16.0,66.79,5,5,30.48967066,30.45970193,other,other,Clear,True,False,False,False,False,False,False,True,False,True,False,False,False,False,False,False,False,False,False,False,False,False,False,False,False,False
5.74,5.940171252720432,20.68,26.433333333333334,34.0,36.49411764705882,0,1,1.0,0,18.878504672897197,2016,2016,0,12,12,15.0,0.86,180.0,15.0,66.04,5,5,30.3664563,30.4093783,Hyundai,Solaris,Mostly Cloudy,True,False,False,False,False,False,False,True,False,True,False,False,False,True,False,False,False,False,False,False,False,False,False,False,False,False
5.86,5.961005339623274,15.98,32.266666666666666,42.0,22.82857142857143,0,1,1.0,0,24.217772215269086,2016,2016,0,16,16,16.0,0.0,256.0,16.0,66.04,5,5,30.4350016,30.4500699,Chevrolet,other,Clear,True,False,False,False,False,False,False,True,False,True,False,False,False,False,False,False,False,False,False,False,False,False,False,False,False,False
1.72,4.6848128136402885,1.85,5.7,12.0,15.857142857142858,0,1,1.0,0,43.78378378378378,2016,2016,0,10,10,16.0,0.0,160.0,16.0,66.1,5,5,30.3664563,30.4529883,Volkswagen,Polo,Clear,True,False,False,False,False,False,False,True,False,True,False,False,False,False,False,False,False,False,False,False,False,True,False,False,True,False
2.48,5.111987788356544,1.79,15.533333333333333,27.0,6.852631578947369,0,1,1.0,0,81.56596794081382,2016,2016,0,17,17,23.0,0.4,342.0,23.0,66.42,5,5,30.3569789,30.3561423,Nissan,other,Partly Cloudy,True,False,False,False,False,False,False,True,False,True,False,False,False,True,False,False,False,False,False,False,True,False,False,True,False,False
1.76,4.74493212836325,3.38,5.8,18.0,11.266666666666667,0,1,1.0,0,33.72781065088758,2016,2016,0,18,18,16.0,0.47,288.0,16.0,64.7,6,6,30.4591656,30.3664563,Hyundai,Solaris,Partly Cloudy,True,False,False,False,False,False,False,True,False,True,False,False,False,True,False,False,False,False,False,False,True,False,False,True,False,False
3.63,5.4638318050256105,10.11,16.4,24.0,25.275,0,1,1.0,0,23.24431256181998,2016,2016,0,21,21,13.0,0.59,273.0,13.0,64.7,6,6,30.4092168,30.3664563,Renault,other,Partly Cloudy,True,False,False,False,False,False,False,True,False,True,False,False,False,True,False,False,False,False,False,False,True,False,False,True,False,False
4.15,5.605802066295998,10.17,21.533333333333335,28.0,21.79285714285714,0,1,1.0,0,26.64700098328417,2016,2016,0,16,16,10.0,0.44,160.0,10.0,65.37,6,6,30.4092936,30.3331713,other,other,Partly Cloudy,True,False,False,False,False,False,False,True,False,True,False,False,False,True,False,False,False,False,True,False,False,False,False,False,False,False
2.17,4.962844630259907,4.6,8.65,13.0,21.23076923076923,0,1,1.0,0,30.869565217391308,2016,2016,0,15,15,13.0,0.89,195.0,13.0,65.37,6,6,30.43489,30.40917,Kia,other,Light Rain,True,False,False,False,False,False,False,True,False,True,False,False,False,False,False,True,False,False,True,False,False,False,False,False,False,False
3.2,5.3471075307174685,9.96,12.883333333333333,22.0,27.163636363636368,0,1,1.0,0,20.983935742971887,2016,2016,0,21,21,7.0,0.98,207.0,9.0,65.37,6,6,30.4092121,30.3664563,Renault,other,Overcast,True,False,False,False,False,False,False,True,False,True,False,True,False,False,False,False,False,False,False,False,False,False,True,False,False,True
3.45,5.424950017481403,10.53,14.75,20.0,31.59,0,1,1.0,0,21.462488129154796,2016,2016,1,21,21,7.0,0.39,184.0,8.0,65.57,6,6,30.4092333,30.3664563,other,other,Partly Cloudy,True,False,False,False,False,False,False,True,False,True,False,False,False,False,True,False,False,False,False,False,False,False,True,False,False,True
3.86,5.537334267018537,11.6,17.416666666666668,22.0,31.636363636363637,0,1,1.0,0,21.810344827586206,2016,2016,0,14,14,22.0,0.72,308.0,22.0,65.53,6,6,30.3664563,30.4092966,Nissan,Almera,Mostly Cloudy,True,False,False,False,False,False,False,True,False,True,False,False,False,True,False,False,False,False,False,False,False,False,False,False,False,False
5.01,5.799092654460526,13.31,26.683333333333334,35.0,22.817142857142855,0,1,1.0,0,24.718256949661907,2016,2016,0,19,19,20.0,0.53,342.0,19.0,65.73,6,6,30.3664563,30.4094616,Kia,Rio,Light Rain,True,False,False,False,False,False,False,True,False,True,False,False,False,False,False,True,False,False,True,False,True,False,False,True,False,False
6.17,5.993961427306569,13.6,36.483333333333334,40.0,20.400000000000002,0,1,1.0,0,29.411764705882355,2016,2016,0,19,19,20.0,0.75,342.0,20.0,64.78,6,6,30.3664563,30.4092835,Nissan,other,Light Rain,True,False,False,False,False,False,False,True,False,True,False,False,False,False,False,True,False,False,True,False,True,False,False,True,False,False
4.09,5.583496308781699,12.34,18.45,25.0,29.616,0,1,1.0,0,21.47487844408428,2016,2016,0,14,14,18.0,0.83,252.0,18.0,64.78,6,6,30.3664563,30.409208,Nissan,other,Mostly Cloudy,True,False,False,False,False,False,False,True,False,True,False,False,False,True,False,False,False,False,True,False,False,False,False,False,False,False
1.72,4.6848128136402885,1.79,5.7,12.0,7.963636363636364,0,1,1.0,0,58.9041095890411,2016,2016,0,13,13,15.0,0.99,195.0,15.0,64.57,6,6,30.4593071,30.3664563,Renault,other,Drizzle,True,False,False,False,False,False,False,True,False,True,False,False,False,False,False,True,False,False,True,False,False,False,False,False,False,False
3.78,5.497168225293202,10.8,16.783333333333335,25.0,25.92,0,1,1.0,0,22.5,2016,2016,0,20,20,20.0,0.34,342.0,20.0,64.27,6,6,30.3664563,30.4043866,other,other,Partly Cloudy,True,False,False,False,False,False,False,True,False,True,False,False,False,True,False,False,False,False,True,False,True,False,False,True,False,False
2.09,4.927253685157205,4.51,7.966666666666667,15.0,18.04,0,1,1.0,0,30.376940133037696,2016,2016,0,14,14,22.0,0.36,308.0,22.0,65.68,6,6,30.45857875,30.48592733,Kia,Rio,Partly Cloudy,True,False,False,False,False,False,False,True,False,True,False,False,False,True,False,False,False,False,False,False,False,False,False,False,False,False
2.86,5.241747015059643,5.05,14.716666666666667,16.0,18.9375,0,1,1.0,0,37.22772277227723,2016,2016,0,14,14,23.0,0.53,322.0,23.0,65.68,6,6,30.3664563,30.45920346,Kia,Rio,Partly Cloudy,True,False,False,False,False,False,False,True,False,True,False,False,False,True,False,False,False,False,False,False,False,False,False,False,False,False
1.78,4.770684624465665,3.93,5.7,12.0,23.580000000000002,0,1,1.0,0,29.770992366412212,2016,2016,0,16,16,22.0,0.76,342.0,22.0,65.68,6,6,30.3664563,30.43993951,other,other,Mostly Cloudy,True,False,False,False,False,False,False,True,False,True,False,False,False,True,False,False,False,False,False,False,False,False,False,False,False,False
3.35,5.3706380281276624,7.23,16.233333333333334,25.0,17.352,0,1,1.0,0,29.598893499308435,2016,2016,0,20,20,17.0,0.47,340.0,17.0,63.84,7,7,30.3664563,30.4548636,Kia,Rio,Partly Cloudy,True,False,False,False,False,False,False,True,False,True,False,False,False,True,False,False,False,False,False,False,True,False,False,True,False,False
2.3,4.997212273764115,4.7,9.216666666666667,19.0,14.842105263157896,0,1,1.0,0,31.27659574468085,2016,2016,0,7,7,16.0,0.7,80.0,16.0,63.95,7,7,30.4417715,30.3664563,other,other,Mostly Cloudy,True,False,False,False,False,False,False,True,False,True,False,False,False,True,False,False,False,False,False,False,False,True,False,False,True,False
4.66,5.713732805509369,14.24,21.8,27.0,31.644444444444446,0,1,1.0,0,21.207865168539325,2016,2016,0,14,14,20.0,0.96,280.0,20.0,64.85,7,7,30.3664563,30.51229209,Volkswagen,other,Overcast,True,False,False,False,False,False,False,True,False,True,False,True,False,False,False,False,False,False,False,False,False,False,False,False,False,False
2.08,4.912654885736052,3.51,8.633333333333333,17.0,12.388235294117647,0,1,1.0,0,38.46153846153847,2016,2016,0,16,16,22.0,0.8,342.0,22.0,64.85,7,7,30.5130624,30.4772765,Chevrolet,Cruze,Mostly Cloudy,True,False,False,False,False,False,False,True,False,True,False,False,False,True,False,False,False,False,False,False,False,False,False,False,False,False
4.41,5.659482215759621,12.33,21.516666666666666,25.0,29.592,0,1,1.0,0,23.195458231954582,2016,2016,0,17,17,22.0,0.96,342.0,22.0,64.85,7,7,30.3664563,30.5156966,Kia,other,Overcast,True,False,False,False,False,False,False,True,False,True,False,True,False,False,False,False,False,False,False,False,True,False,False,True,False,False
2.63,5.1647859739235145,23.7,21.933333333333334,38.0,37.421052631578945,0,0,1.0,0,18.878504672897197,2016,2016,0,13,13,22.0,0.87,286.0,22.0,66.05,7,7,30.2742717,30.32792004,other,other,Mostly Cloudy,False,False,True,False,False,False,False,False,False,True,False,False,False,True,False,False,False,False,False,False,False,False,False,False,False,False
2.26,5.0106352940962555,3.74,18.366666666666667,36.0,6.852631578947369,0,0,1.0,0,39.839572192513366,2016,2016,0,15,15,21.0,0.97,315.0,21.0,66.05,7,7,30.337705,30.29146833,Kia,Rio,Overcast,False,False,True,False,False,False,False,False,False,True,False,True,False,False,False,False,False,False,False,False,False,False,False,False,False,False
5.28,5.857933154483459,9.54,46.43333333333333,57.0,10.042105263157895,0,0,1.0,0,36.58280922431866,2016,2016,0,18,18,21.0,0.8,342.0,21.0,66.05,7,7,30.3534883,30.481841,Skoda,Rapid,Mostly Cloudy,False,False,True,False,False,False,False,False,False,True,False,False,False,True,False,False,False,False,False,False,True,False,False,True,False,False
2.54,5.14166355650266,2.77,14.516666666666667,22.0,7.554545454545456,0,1,1.0,0,61.371841155234655,2016,2016,0,13,13,20.0,0.4,260.0,20.0,67.0,8,8,30.3857551,30.3848588,Renault,other,Partly Cloudy,True,False,False,False,False,False,False,True,False,True,False,False,False,True,False,False,False,False,False,False,False,False,False,False,False,False
2.21,5.003946305945459,2.64,11.383333333333333,22.0,7.200000000000001,0,1,1.0,0,56.060606060606055,2016,2016,0,15,15,20.0,0.42,300.0,20.0,67.0,8,8,30.330195,30.3180066,other,other,Partly Cloudy,True,False,False,False,False,False,False,True,False,True,False,False,False,True,False,False,False,False,True,False,False,False,False,False,False,False
1.72,4.74493212836325,3.38,5.8,12.0,22.533333333333335,0,1,1.0,0,33.72781065088758,2016,2016,0,16,16,21.0,0.31,336.0,21.0,66.83,8,8,30.4771267,30.4715117,Kia,Rio,Partly Cloudy,True,False,False,False,False,False,False,True,False,True,False,False,False,True,False,False,False,False,True,False,False,False,False,False,False,False
2.83,5.231108616854587,4.92,14.6,25.0,11.808,0,1,1.0,0,37.80487804878049,2016,2016,0,12,12,21.0,0.6,252.0,21.0,65.68,8,8,30.4359283,30.3664563,Hyundai,Solaris,Mostly Cloudy,True,False,False,False,False,False,False,True,False,True,False,False,False,True,False,False,False,False,False,False,False,False,False,False,False,False
9.38,6.410174881966167,33.97,42.53333333333333,49.0,42.4875,0,1,1.0,0,18.878504672897197,2016,2016,0,14,14,22.0,0.69,308.0,22.0,64.72,8,8,30.3664563,30.29690886,Volkswagen,Polo,Breezy and Mostly Cloudy,True,False,False,False,False,False,False,True,False,True,False,False,False,False,False,False,False,True,False,False,False,False,False,False,False,False
2.78,5.198497031265826,5.89,12.8,26.0,13.592307692307692,0,1,1.0,0,30.560271646859086,2016,2016,0,18,18,21.0,0.39,342.0,21.0,64.69,8,8,30.4884533,30.419565,Volkswagen,other,Breezy and Partly Cloudy,True,False,False,False,False,False,False,True,False,True,False,False,False,False,False,False,False,True,False,False,True,False,False,True,False,False
2.47,5.075173815233827,4.88,10.75,20.0,14.64,0,1,1.0,0,32.58196721311475,2016,2016,0,16,16,17.0,0.15,272.0,17.0,64.46,9,9,30.4202133,30.3664563,Volkswagen,Polo,Clear,True,False,False,False,False,False,False,True,False,True,False,False,False,False,False,False,False,False,False,False,False,False,False,False,False,False
4.41,5.652489180268651,7.0,26.516666666666666,37.0,11.35135135135135,0,1,1.0,0,40.57142857142857,2016,2016,0,18,18,15.0,0.47,270.0,15.0,64.46,9,9,30.3664563,30.4193367,Mitsubishi,other,Partly Cloudy,True,False,False,False,False,False,False,True,False,True,False,False,False,True,False,False,False,False,False,False,True,False,False,True,False,False
6.71,6.068425588244111,12.47,42.0,56.0,13.360714285714286,0,1,1.0,0,34.56295108259823,2016,2016,0,8,8,14.0,0.99,112.0,14.0,64.22,9,9,30.4283336,30.3664563,Volkswagen,Polo,Overcast,True,False,False,False,False,False,False,True,False,True,False,True,False,False,False,False,False,False,False,False,False,True,False,False,True,False
1.72,4.700480365792417,2.57,5.95,13.0,11.86153846153846,0,1,1.0,0,42.41245136186771,2016,2016,0,14,14,16.0,0.72,224.0,16.0,64.77,9,9,30.4411117,30.4682167,other,other,Mostly Cloudy,True,False,False,False,False,False,False,True,False,True,False,False,False,True,False,False,False,False,False,False,False,False,False,False,False,False
5.16,5.814130531825066,10.33,30.266666666666666,38.0,16.310526315789474,0,1,1.0,0,32.33301064859632,2016,2016,0,14,14,18.0,0.1,252.0,18.0,64.73,9,9,30.3604083,30.3664563,other,other,Clear,True,False,False,False,False,False,False,True,False,True,False,False,False,False,False,False,False,False,False,False,False,False,False,False,False,False
2.16,4.948759890378168,3.22,9.65,17.0,11.364705882352942,0,1,1.0,0,43.47826086956521,2016,2016,0,15,15,18.0,0.24,270.0,18.0,64.73,9,9,30.3241667,30.3562683,Volkswagen,Polo,Breezy,True,False,False,False,False,False,False,True,False,True,False,False,False,False,False,False,False,True,False,False,False,False,False,False,False,False
3.06,5.303304908059076,1.79,8.3,18.0,6.852631578947369,0,0,1.0,0,81.56596794081382,2016,2016,0,14,14,12.0,0.76,168.0,12.0,65.28,9,9,30.3566308,30.3566398,Mercedes-Benz,other,Mostly Cloudy,True,False,False,True,False,False,False,False,False,True,False,False,False,True,False,False,False,False,True,False,False,False,False,False,False,False
1.72,4.6848128136402885,1.79,5.7,12.0,12.299999999999999,0,1,1.0,0,53.04878048780488,2016,2016,0,16,16,12.0,0.75,192.0,12.0,63.67,9,9,30.2742717,30.2808294,Kia,other,Mostly Cloudy,True,False,False,False,False,False,False,True,False,True,False,False,False,True,False,False,False,False,False,False,False,False,False,False,False,False
1.72,4.6848128136402885,1.79,5.7,13.0,8.26153846153846,0,1,1.0,0,54.18994413407821,2016,2016,0,18,18,11.0,0.8,198.0,11.0,63.67,9,9,30.2742717,30.2808294,other,other,Mostly Cloudy,True,False,False,False,False,False,False,True,False,True,False,False,False,True,False,False,False,False,False,False,True,False,False,True,False,False
2.23,4.969813299576001,4.33,9.033333333333333,15.0,17.32,0,1,1.0,0,33.02540415704388,2016,2016,0,11,11,6.0,0.93,99.0,9.0,64.08,9,9,30.4888283,30.478185,Kia,Rio,Mostly Cloudy,True,False,False,False,False,False,False,True,False,True,False,False,False,True,False,False,False,False,False,False,False,True,False,False,True,False
1.72,4.6848128136402885,1.79,5.7,12.0,6.852631578947369,0,1,1.0,0,81.56596794081382,2016,2016,0,13,13,6.0,1.0,117.0,9.0,64.08,9,9,30.4968999,30.4968999,Skoda,Rapid,Overcast,True,False,False,False,False,False,False,True,False,True,False,True,False,False,False,False,False,False,True,False,False,False,False,False,False,False
3.5,5.417077702268879,4.3,13.2,14.0,18.428571428571427,0,1,1.0,0,52.14418604651163,2016,2016,0,13,13,6.0,1.0,117.0,9.0,64.08,9,9,30.3664563,30.4966933,Skoda,Rapid,Overcast,True,False,False,False,False,False,False,True,False,True,False,True,False,False,False,False,False,False,True,False,False,False,False,False,False,False
4.68,5.706246104094174,10.78,24.9,35.0,18.479999999999997,0,1,1.0,0,27.80519480519481,2016,2016,0,11,11,8.0,0.98,110.0,10.0,64.08,9,9,30.3118183,30.3664563,other,other,Light Rain,True,False,False,False,False,False,False,True,False,True,False,False,False,False,False,True,False,False,True,False,False,True,False,False,True,False
5.44,5.855988407545532,13.49,29.133333333333333,36.0,22.483333333333334,0,1,1.0,0,25.82060785767235,2016,2016,0,14,14,11.0,0.75,154.0,11.0,64.08,9,9,30.3664563,30.3080331,Hyundai,Solaris,Drizzle,True,False,False,False,False,False,False,True,False,True,False,False,False,False,False,True,False,False,True,False,False,False,False,False,False,False
4.78,5.726847747587197,9.27,15.016666666666667,31.0,17.941935483870964,0,0,1.0,0,33.00970873786408,2016,2016,0,16,16,12.0,0.82,192.0,12.0,64.08,9,9,30.46617028,30.48023196,Kia,other,Mostly Cloudy,False,True,False,False,False,False,False,False,False,True,False,False,False,True,False,False,False,False,True,False,False,False,False,False,False,False
4.78,5.726847747587197,7.84,15.1,24.0,19.599999999999998,0,0,1.0,0,39.03061224489796,2016,2016,0,18,18,10.0,0.75,180.0,10.0,64.08,9,9,30.48026404,30.46629329,Hyundai,Solaris,Mostly Cloudy,False,True,False,False,False,False,False,False,False,True,False,False,False,True,False,False,False,False,False,False,True,False,False,True,False,False
7.52,6.180016653652572,17.13,26.916666666666668,46.0,22.343478260869563,0,0,1.0,0,28.13776999416229,2016,2016,0,11,11,12.0,0.97,132.0,12.0,64.06,9,9,30.2742717,30.48151006,Hyundai,Solaris,Overcast,False,True,False,False,False,False,False,False,False,True,False,True,False,False,False,False,False,False,False,False,False,True,False,False,True,False
6.52,6.037870919922137,12.89,22.15,31.0,24.94838709677419,0,0,1.0,0,32.42823894491854,2016,2016,0,12,12,12.0,0.92,144.0,12.0,64.06,9,9,30.48151006,30.2808294,other,other,Mostly Cloudy,False,True,False,False,False,False,False,False,False,True,False,False,False,True,False,False,False,False,False,False,False,False,False,False,False,False
3.86,5.51338842277136,9.16,18.983333333333334,27.0,20.355555555555554,0,1,1.0,0,26.963973799126638,2016,2016,0,7,7,10.0,1.0,70.0,10.0,63.92,9,9,30.4100769,30.3664563,Volkswagen,Polo,Foggy,True,False,False,False,False,False,False,True,False,True,False,False,True,False,False,False,False,False,False,False,False,True,False,False,True,False
6.24,5.991464547107982,11.78,21.35,27.0,26.177777777777777,0,0,1.0,0,33.87096774193549,2016,2016,0,11,11,12.0,0.96,132.0,12.0,63.92,9,9,30.48033443,30.38796248,Volkswagen,other,Overcast,False,False,True,False,False,False,False,False,False,True,False,True,False,False,False,False,False,False,False,False,False,True,False,False,True,False
5.07,5.783825182329737,10.66,16.85,24.0,26.65,0,0,1.0,0,30.393996247654783,2016,2016,0,16,16,13.0,0.72,208.0,13.0,63.92,9,9,30.428365,30.48033443,Kia,Rio,Mostly Cloudy,False,False,True,False,False,False,False,False,False,True,False,False,False,True,False,False,False,False,False,False,False,False,False,False,False,False
5.85,5.926926025970411,12.84,30.433333333333334,54.0,14.266666666666666,0,0,1.0,0,29.12772585669782,2016,2016,0,17,17,13.0,0.54,221.0,13.0,63.92,9,9,30.48029833,30.42835667,Skoda,Rapid,Partly Cloudy,False,False,True,False,False,False,False,False,False,True,False,False,False,True,False,False,False,False,False,False,True,False,False,True,False,False
3.01,5.25227342804663,4.88,9.616666666666667,19.0,15.410526315789474,0,0,1.0,0,38.9344262295082,2016,2016,0,12,12,10.0,0.94,120.0,10.0,63.11,9,9,30.41217,30.48137833,Kia,other,Overcast,False,True,False,False,False,False,False,False,False,True,False,True,False,False,False,False,False,False,False,False,False,False,False,False,False,False
6.64,6.040254711277414,7.6,12.7,23.0,19.82608695652174,0,0,1.0,0,55.131578947368425,2016,2016,0,14,14,11.0,0.77,154.0,11.0,63.11,9,9,30.48021568,30.3939041,other,other,Mostly Cloudy,False,False,False,False,False,False,False,False,False,True,False,False,False,True,False,False,False,False,False,False,False,False,False,False,False,False
5.34,5.820082930352362,10.56,26.45,37.0,17.124324324324323,0,0,1.0,0,31.818181818181817,2016,2016,0,10,10,14.0,0.75,140.0,14.0,62.87,9,9,30.42105195,30.48040221,Volkswagen,Polo,Light Rain,False,False,True,False,False,False,False,False,False,True,False,False,False,False,False,True,False,False,True,False,False,True,False,False,True,False
4.91,5.735636375770106,10.85,26.116666666666667,31.0,20.999999999999996,0,1,1.0,0,28.45253456221198,2016,2016,0,11,11,15.0,0.74,165.0,15.0,62.87,9,9,30.3664563,30.420862,Nissan,Almera,Drizzle,True,False,False,False,False,False,False,True,False,True,False,False,False,False,False,True,False,False,True,False,False,True,False,False,True,False
5.34,5.820082930352362,10.71,23.816666666666666,28.0,22.950000000000003,0,0,1.0,0,31.372549019607842,2016,2016,0,12,12,14.0,0.74,168.0,14.0,62.87,9,9,30.420505,30.480875,Hyundai,Solaris,Mostly Cloudy,False,False,True,False,False,False,False,False,False,True,False,False,False,True,False,False,False,False,True,False,False,False,False,False,False,False
2.37,5.011301738639416,3.73,10.416666666666666,14.0,15.985714285714286,0,1,1.0,0,39.97319034852547,2016,2016,0,14,14,14.0,0.74,196.0,14.0,62.87,9,9,30.3879205,30.4210113,Skoda,Octavia,Mostly Cloudy,True,False,False,False,False,False,False,True,False,True,False,False,False,True,False,False,False,False,True,False,False,False,False,False,False,False
3.44,5.38077254648423,8.18,15.566666666666666,18.0,27.266666666666666,0,1,1.0,0,26.429095354523227,2016,2016,0,17,17,13.0,0.7,221.0,13.0,62.87,9,9,30.466438,30.431128,Renault,other,Drizzle,True,False,False,False,False,False,False,True,False,True,False,False,False,False,False,True,False,False,True,False,True,False,False,True,False,False
2.3,4.971062518976432,4.86,8.45,16.0,18.225,0,1,1.0,0,29.46090534979424,2016,2016,0,11,11,3.0,0.82,77.0,7.0,62.23,10,10,30.4201081,30.3664563,Hyundai,Solaris,Mostly Cloudy,True,False,False,False,False,False,False,True,False,True,False,False,False,True,False,False,False,False,False,False,False,True,False,False,True,False
3.12,5.273153392884487,6.12,14.466666666666667,22.0,16.69090909090909,0,1,1.0,0,31.704248366013072,2016,2016,0,13,13,3.0,0.16,91.0,7.0,62.23,10,10,30.3664563,30.420205,other,other,Breezy,True,False,False,False,False,False,False,True,False,True,False,False,False,False,False,False,False,True,False,False,False,False,False,False,False,False
4.58,5.652489180268651,7.63,16.9,25.0,18.311999999999998,0,0,1.0,0,37.22149410222805,2016,2016,0,12,12,3.0,0.88,72.0,6.0,62.06,10,10,30.44405323,30.48084581,Hyundai,Solaris,Mostly Cloudy,False,False,True,False,False,False,False,False,False,True,False,False,False,True,False,False,False,False,False,False,False,False,False,False,False,False
2.06,4.859812404361672,3.44,14.866666666666667,21.0,9.82857142857143,0,0,1.0,0,37.2093023255814,2016,2016,0,13,13,3.0,0.87,91.0,7.0,62.06,10,10,30.48084581,30.47579833,other,other,Mostly Cloudy,False,False,True,False,False,False,False,False,False,True,False,False,False,True,False,False,False,False,False,False,False,False,False,False,False,False
4.17,5.574432802628352,10.3,20.066666666666666,28.0,22.071428571428573,0,1,1.0,0,25.495145631067963,2016,2016,0,9,9,4.0,0.99,36.0,4.0,62.92,10,10,30.4282983,30.3664563,Skoda,Octavia,Overcast,True,False,False,False,False,False,False,True,False,True,False,True,False,False,False,False,False,False,False,False,False,True,False,False,True,False
4.48,5.645906156125512,10.75,22.416666666666668,28.0,23.035714285714285,0,1,1.0,0,26.244651162790696,2016,2016,0,19,19,5.0,0.94,95.0,5.0,62.92,10,10,30.3664563,30.3548532,Kia,other,Overcast,True,False,False,False,False,False,False,True,False,True,False,True,False,False,False,False,False,False,True,False,True,False,False,True,False,False
2.84,5.188055972290499,6.05,12.25,15.0,24.2,0,1,1.0,0,29.44132231404959,2016,2016,0,12,12,2.0,0.91,48.0,4.0,62.77,10,10,30.37574472,30.41922714,Volkswagen,Polo,Mostly Cloudy,True,False,False,False,False,False,False,True,False,True,False,False,False,True,False,False,False,False,False,False,False,False,False,False,False,False
2.76,5.158825387729438,5.92,11.65,22.0,16.145454545454548,0,1,1.0,0,29.216216216216218,2016,2016,0,13,13,2.0,0.88,52.0,4.0,62.77,10,10,30.41766963,30.37704181,Volkswagen,Polo,Mostly Cloudy,True,False,False,False,False,False,False,True,False,True,False,False,False,True,False,False,False,False,False,False,False,False,False,False,False,False
3.7,5.444579873526289,10.04,15.75,23.0,26.191304347826083,0,1,1.0,0,22.95816733067729,2016,2016,0,11,11,1.0,0.45,33.0,3.0,62.29,10,10,30.4286167,30.4773067,Skoda,Octavia,Partly Cloudy,True,False,False,False,False,False,False,True,False,True,False,False,False,True,False,False,False,False,False,False,False,True,False,False,True,False
1.96,4.815593172892921,2.59,7.75,13.0,11.953846153846152,0,1,1.0,0,47.26640926640927,2016,2016,1,19,19,-2.0,0.87,57.0,3.0,62.48,10,10,30.48372,30.3664563,Ford,Focus,Mostly Cloudy,True,False,False,False,False,False,False,True,False,True,False,False,False,False,True,False,False,False,False,False,True,False,False,True,False,False
4.45,5.627836917741397,14.26,18.183333333333334,30.0,28.52,0,1,1.0,0,19.429172510518935,2016,2016,1,19,19,-1.0,0.31,38.0,2.0,62.22,10,10,30.3664563,30.5117324,other,other,Partly Cloudy,True,False,False,False,False,False,False,True,False,True,False,False,False,False,True,False,False,False,False,False,True,False,False,True,False,False
3.84,5.489309557845162,10.77,16.533333333333335,24.0,26.924999999999997,0,1,1.0,0,22.38532961931291,2016,2016,0,11,11,-2.0,0.98,0.0,0.0,62.8,10,10,30.4283158,30.3664563,Volkswagen,Polo,Overcast,True,False,False,False,False,False,False,True,False,True,False,True,False,False,False,False,False,False,False,False,False,True,False,False,True,False
6.38,5.995207533386816,14.97,35.1,42.0,21.38571428571429,0,1,1.0,0,26.753507014028056,2016,2016,0,14,14,1.0,0.89,14.0,1.0,62.8,10,10,30.3664563,30.4279167,Ford,other,Mostly Cloudy,True,False,False,False,False,False,False,True,False,True,False,False,False,True,False,False,False,False,False,False,False,False,False,False,False,False
6.99,6.085455675528224,14.5,40.983333333333334,51.0,17.058823529411764,0,1,1.0,0,30.235862068965517,2016,2016,0,18,18,-1.0,0.98,72.0,4.0,62.71,10,10,30.3664563,30.3991151,Hyundai,Solaris,Overcast,True,False,False,False,False,False,False,True,False,True,False,True,False,False,False,False,False,False,True,False,True,False,False,True,False,False
3.86,5.497168225293202,10.8,16.766666666666666,29.0,22.344827586206897,0,1,1.0,0,22.5,2016,2016,0,12,12,1.0,1.0,60.0,5.0,62.9,10,10,30.42244,30.3664563,Renault,other,Overcast,True,False,False,False,False,False,False,True,False,True,False,True,False,False,False,False,False,False,True,False,False,False,False,False,False,False
4.96,5.753239083368793,10.88,26.866666666666667,33.0,19.78181818181818,0,1,1.0,0,28.87959558823529,2016,2016,1,8,8,0.0,0.91,0.0,0.0,63.33,11,11,30.4281249,30.3664563,Ford,other,Mostly Cloudy,True,False,False,False,False,False,False,True,False,True,False,False,False,False,True,False,False,False,False,False,False,True,False,False,True,False
9.0,6.3473892096560105,22.63,46.43333333333333,57.0,14.292631578947368,0,0,1.0,0,25.187803800265137,2016,2016,1,17,17,-2.0,0.88,0.0,0.0,63.33,11,11,30.48060104,30.2808294,Ford,Focus,Mostly Cloudy,False,False,True,False,False,False,False,False,False,True,False,False,False,False,True,False,False,False,False,False,True,False,False,True,False,False
2.64,5.128536841248393,5.76,11.066666666666666,19.0,18.189473684210526,0,1,1.0,0,29.126736111111114,2016,2016,1,21,21,-8.0,0.71,-66.0,-3.0,63.57,11,11,30.3664563,30.4367577,other,other,Mostly Cloudy,True,False,False,False,False,False,False,True,False,True,False,False,False,False,True,False,False,False,False,False,False,False,True,False,False,True
5.28,5.820082930352362,10.04,21.333333333333332,39.0,15.446153846153845,0,0,1.0,0,33.46613545816734,2016,2016,0,15,15,-6.0,0.83,-30.0,-2.0,63.6,11,11,30.42830695,30.47704472,Kia,Rio,Mostly Cloudy,False,False,True,False,False,False,False,False,False,True,False,False,False,True,False,False,False,False,False,False,False,False,False,False,False,False
5.9,5.933093633781652,10.43,36.18333333333333,48.0,13.0375,0,1,1.0,0,36.080536912751676,2016,2016,1,8,8,-13.0,0.71,-56.0,-7.0,63.78,11,11,30.42799781,30.47467496,other,other,Mostly Cloudy,True,False,False,False,False,False,False,True,False,True,False,False,False,False,True,False,False,False,False,True,False,True,False,False,True,False
3.64,5.449964916157176,7.24,18.716666666666665,26.0,16.70769230769231,0,1,1.0,0,32.00966850828729,2016,2016,0,14,14,-11.0,0.81,-70.0,-5.0,63.64,11,11,30.3664563,30.4322378,Mitsubishi,other,Mostly Cloudy,True,False,False,False,False,False,False,True,False,True,False,False,False,True,False,False,False,False,False,False,False,False,False,False,False,False
5.67,5.924442945676605,10.49,35.666666666666664,48.0,13.112499999999999,0,1,1.0,0,35.564346997140134,2016,2016,1,17,17,-8.0,0.89,-51.0,-3.0,65.83,11,11,30.3664563,30.44563123,Ford,other,Mostly Cloudy,True,False,False,False,False,False,False,True,False,True,False,False,False,False,True,False,False,False,False,False,True,False,False,True,False,False
4.1,5.58863346690046,10.4,20.516666666666666,32.0,19.5,0,1,1.0,0,25.6125,2016,2016,0,7,7,-4.0,0.63,0.0,0.0,64.97,11,11,30.4287766,30.3664563,Kia,Rio,Flurries,True,False,False,False,False,False,False,True,False,True,False,False,False,False,False,False,True,False,False,True,False,True,False,False,True,False
2.44,5.052608625573679,5.94,9.116666666666667,13.0,27.415384615384617,0,1,1.0,0,26.166666666666668,2016,2016,0,12,12,-2.0,0.92,12.0,1.0,63.73,11,11,30.4754955,30.475277,Renault,other,Mostly Cloudy,True,False,False,False,False,False,False,True,False,True,False,False,False,True,False,False,False,False,False,False,False,False,False,False,False,False
3.73,5.474537011150523,8.16,18.633333333333333,20.0,24.48,0,1,1.0,0,29.110294117647058,2016,2016,0,15,15,-3.0,0.81,15.0,1.0,63.73,11,11,30.3664563,30.4450301,other,other,Mostly Cloudy,True,False,False,False,False,False,False,True,False,True,False,False,False,True,False,False,False,False,False,False,False,False,False,False,False,False
10.19,6.496020557860377,8.11,25.533333333333335,57.0,8.11,0,0,1.0,0,81.56596794081382,2016,2016,1,7,7,-5.0,0.64,1.0,1.0,64.9,11,11,30.4886323,30.3664563,Hyundai,other,Mostly Cloudy,True,False,False,False,True,False,False,False,False,True,False,False,False,False,True,False,False,False,False,True,False,False,True,False,False,True
2.29,5.008633291425583,5.13,8.966666666666667,13.0,23.676923076923075,0,1,1.0,0,28.98635477582846,2016,2016,1,7,7,-4.0,0.78,3.0,1.0,64.9,11,11,30.3664563,30.488825,Nissan,Almera,Mostly Cloudy,True,False,False,False,False,False,False,True,False,True,False,False,False,False,True,False,False,False,False,False,False,False,True,False,False,True
1.72,4.6848128136402885,2.25,5.933333333333334,12.0,15.0,0,1,1.0,0,47.684444444444445,2016,2016,0,10,10,-5.0,0.67,0.0,0.0,64.9,11,11,30.47549719,30.3664563,Kia,Rio,Mostly Cloudy,True,False,False,False,False,False,False,True,False,True,False,False,False,True,False,False,False,False,False,False,False,True,False,False,True,False
2.28,5.004617221770693,4.15,9.866666666666667,16.0,15.562500000000002,0,1,1.0,0,35.6867469879518,2016,2016,0,11,11,-4.0,0.88,0.0,0.0,64.9,11,11,30.4749383,30.4894133,Volkswagen,other,Mostly Cloudy,True,False,False,False,False,False,False,True,False,True,False,False,False,True,False,False,False,False,False,False,False,True,False,False,True,False
3.78,5.507929783577895,4.73,23.216666666666665,33.0,8.6,0,1,1.0,0,51.93234672304439,2016,2016,0,15,15,-3.0,0.88,0.0,0.0,64.9,11,11,30.4888333,30.3664563,Ford,Focus,Mostly Cloudy,True,False,False,False,False,False,False,True,False,True,False,False,False,True,False,False,False,False,False,False,False,False,False,False,False,False
7.27,6.158291682943288,13.08,46.43333333333333,57.0,13.301694915254238,0,1,1.0,0,36.0565749235474,2016,2016,1,17,17,-3.0,0.78,0.0,0.0,64.9,11,11,30.3664563,30.5157952,Renault,other,Mostly Cloudy,True,False,False,False,False,False,False,True,False,True,False,False,False,False,True,False,False,False,False,False,True,False,False,True,False,False
6.32,6.019274247747249,4.46,14.15,25.0,10.703999999999999,0,0,1.0,0,81.56596794081382,2016,2016,1,16,16,-1.0,0.64,32.0,2.0,64.9,11,11,30.48884726,30.3664563,other,other,Mostly Cloudy,True,False,False,False,True,False,False,False,False,True,False,False,False,False,True,False,False,False,False,False,False,False,False,False,False,False
2.7,5.171335904787247,5.79,12.083333333333334,15.0,23.16,0,1,1.0,0,30.25043177892919,2016,2016,1,18,18,-1.0,0.59,36.0,2.0,64.9,11,11,30.3664563,30.48884834,Mitsubishi,other,Partly Cloudy,True,False,False,False,False,False,False,True,False,True,False,False,False,False,True,False,False,False,False,False,True,False,False,True,False,False
2.07,4.910078039104941,4.2,7.9,14.0,18.0,0,1,1.0,0,32.05952380952381,2016,2016,0,12,12,-6.0,0.99,-12.0,-1.0,64.9,11,11,30.48873907,30.47173255,Skoda,Octavia,Overcast,True,False,False,False,False,False,False,True,False,True,False,True,False,False,False,False,False,False,False,True,False,False,False,False,False,False
2.71,5.1765451346181255,4.51,13.5,22.0,12.3,0,1,1.0,0,39.03991130820399,2016,2016,0,15,15,-7.0,0.91,-30.0,-2.0,64.9,11,11,30.4886933,30.3664563,Skoda,Rapid,Mostly Cloudy,True,False,False,False,False,False,False,True,False,True,False,False,False,True,False,False,False,False,False,False,False,False,False,False,False,False
2.94,5.255931650051599,5.99,14.116666666666667,23.0,15.626086956521739,0,1,1.0,0,31.836393989983303,2016,2016,0,17,17,-7.0,0.94,-34.0,-2.0,64.9,11,11,30.3664563,30.4890567,other,other,Overcast,True,False,False,False,False,False,False,True,False,True,False,True,False,False,False,False,False,False,False,False,True,False,False,True,False,False
4.71,5.724989344300599,12.38,24.116666666666667,35.0,21.222857142857144,0,1,1.0,0,24.67124394184168,2016,2016,1,19,19,-8.0,0.62,-38.0,-2.0,64.9,11,11,30.3664563,30.51657683,Hyundai,other,Mostly Cloudy,True,False,False,False,False,False,False,True,False,True,False,False,False,False,True,False,False,False,False,False,True,False,False,True,False,False
1.98,4.8620579432664615,3.32,7.866666666666667,12.0,18.10909090909091,0,1,1.0,0,38.64156626506024,2016,2016,1,9,9,-13.0,0.76,-54.0,-6.0,64.82,11,11,30.4790067,30.4897367,other,other,Mostly Cloudy,True,False,False,False,False,False,False,True,False,True,False,False,False,False,True,False,False,False,False,False,False,True,False,False,True,False
4.08,5.582142008672513,7.63,23.033333333333335,30.0,15.26,0,1,1.0,0,34.68414154652687,2016,2016,0,11,11,-14.0,1.0,-66.0,-6.0,64.82,11,11,30.3664563,30.4826748,Chevrolet,Lacetti,Overcast,True,False,False,False,False,False,False,True,False,True,False,True,False,False,False,False,False,False,False,False,False,True,False,False,True,False
2.33,5.025983571043055,4.46,10.016666666666667,19.0,14.08421052631579,0,1,1.0,0,33.92825112107623,2016,2016,0,12,12,-12.0,0.97,-72.0,-6.0,64.82,11,11,30.4887911,30.3664563,Ford,Focus,Overcast,True,False,False,False,False,False,False,True,False,True,False,True,False,False,False,False,False,False,False,False,False,False,False,False,False,False
12.97,6.55250788703459,20.41,46.43333333333333,57.0,17.494285714285713,0,0,1.0,0,71.9279764821166,2016,2016,0,12,12,-13.0,0.99,-72.0,-6.0,64.82,11,11,30.356635,30.4900833,Mercedes-Benz,other,Overcast,True,False,False,False,True,False,False,False,False,True,False,True,False,False,False,False,False,False,False,False,False,False,False,False,False,False
1.75,4.744671224765649,2.46,6.683333333333334,14.0,10.542857142857143,0,1,1.0,0,46.329268292682926,2016,2016,0,16,16,-12.0,0.0,-128.0,-8.0,65.17,11,11,30.47577234,30.3664563,Skoda,Octavia,Clear,True,False,False,False,False,False,False,True,False,True,True,False,False,False,False,False,False,False,False,False,False,False,False,False,False,False
2.83,5.222030098375917,3.73,15.45,27.0,8.288888888888888,0,1,1.0,0,49.41286863270778,2016,2016,1,18,18,-12.0,0.36,-135.0,-8.0,65.17,11,11,30.3664563,30.4752453,other,other,Partly Cloudy,True,False,False,False,False,False,False,True,False,True,False,False,False,False,True,False,False,False,False,False,True,False,False,True,False,False
1.87,4.7980194646687,2.56,7.483333333333333,12.0,12.799999999999999,0,1,1.0,0,46.98046875,2016,2016,0,19,19,-12.0,0.94,-133.0,-7.0,64.24,12,12,30.4827852,30.3664563,other,other,Overcast,True,False,False,False,False,False,False,True,False,True,False,True,False,False,False,False,False,False,False,False,True,False,False,True,False,False
3.85,5.461880750413402,10.7,15.666666666666666,23.0,27.913043478260867,0,1,1.0,0,21.9196261682243,2016,2016,0,12,12,-13.0,0.56,-96.0,-8.0,60.9,12,12,30.4277349,30.3664563,other,other,Partly Cloudy,True,False,False,False,False,False,False,True,False,True,False,False,False,True,False,False,False,False,False,False,False,False,False,False,False,False
5.68,5.84825792864258,13.1,29.133333333333333,32.0,24.5625,0,1,1.0,0,26.383969465648857,2016,2016,0,13,13,-13.0,0.71,-104.0,-8.0,60.9,12,12,30.3664563,30.4282783,Skoda,Rapid,Mostly Cloudy,True,False,False,False,False,False,False,True,False,True,False,False,False,True,False,False,False,False,False,False,False,False,False,False,False,False
2.41,4.991928066630559,2.32,11.433333333333334,21.0,6.852631578947369,0,1,1.0,0,63.02586206896552,2016,2016,0,8,8,-11.0,0.95,-64.0,-8.0,60.62,12,12,30.499618,30.3664563,Skoda,Rapid,Overcast,True,False,False,False,False,False,False,True,False,True,False,True,False,False,False,False,False,False,False,False,False,True,False,False,True,False
1.72,4.6848128136402885,1.79,5.7,12.0,6.852631578947369,0,1,1.0,0,81.56596794081382,2016,2016,0,10,10,-11.0,1.0,-70.0,-7.0,60.62,12,12,30.499794,30.499794,Nissan,Almera,Overcast,True,False,False,False,False,False,False,True,False,True,False,True,False,False,False,False,False,False,False,False,False,True,False,False,True,False
1.86,4.735145262409837,2.16,6.833333333333333,14.0,9.257142857142858,0,1,1.0,0,52.25925925925925,2016,2016,0,10,10,-11.0,1.0,-70.0,-7.0,60.62,12,12,30.3664563,30.50003196,Hyundai,Solaris,Overcast,True,False,False,False,False,False,False,True,False,True,False,True,False,False,False,False,False,False,False,False,False,True,False,False,True,False
5.73,5.877315525417076,12.97,30.716666666666665,38.0,20.478947368421053,0,1,1.0,0,27.43639167309175,2016,2016,0,17,17,-9.0,0.95,-85.0,-5.0,62.09,12,12,30.3664563,30.4343417,Mitsubishi,other,Overcast,True,False,False,False,False,False,False,True,False,True,False,True,False,False,False,False,False,False,False,False,True,False,False,True,False,False
8.74,6.297937706009196,8.37,17.233333333333334,32.0,15.693749999999998,0,0,1.0,0,64.80884109916369,2016,2016,0,9,9,-6.0,0.94,-18.0,-2.0,62.07,12,12,30.3678833,30.3664563,other,other,Overcast,True,False,False,False,True,False,False,False,False,True,False,True,False,False,False,False,False,False,False,False,False,True,False,False,True,False
4.75,5.689176322266839,9.46,25.483333333333334,30.0,18.92,0,1,1.0,0,31.146934460887945,2016,2016,0,11,11,-6.0,0.93,-11.0,-1.0,62.07,12,12,30.3664563,30.3688076,Mitsubishi,other,Mostly Cloudy,True,False,False,False,False,False,False,True,False,True,False,False,False,True,False,False,False,False,False,False,False,True,False,False,True,False
5.87,5.901320997255016,9.69,35.25,50.0,11.627999999999998,0,1,1.0,0,37.618163054695565,2016,2016,0,14,14,-4.0,1.0,0.0,0.0,62.07,12,12,30.3490952,30.3368663,Hyundai,Solaris,Overcast,True,False,False,False,False,False,False,True,False,True,False,True,False,False,False,False,False,False,False,False,False,False,False,False,False,False
5.28,5.792952630915299,14.44,25.133333333333333,32.0,27.075,0,1,1.0,0,22.64404432132964,2016,2016,0,17,17,0.0,1.0,0.0,0.0,61.91,12,12,30.3664563,30.5161117,Volkswagen,Polo,Overcast,True,False,False,False,False,False,False,True,False,True,False,True,False,False,False,False,False,False,False,False,True,False,False,True,False,False
9.38,6.354370040797351,9.88,46.43333333333333,57.0,8.233333333333334,0,1,1.0,0,58.09716599190283,2016,2016,1,7,7,-2.0,0.83,14.0,2.0,61.17,12,12,30.34526415,30.3664563,other,other,Mostly Cloudy,True,False,False,False,False,False,False,True,False,True,False,False,False,False,True,False,False,False,False,False,False,True,False,False,True,False
5.81,5.876109810744953,12.3,31.333333333333332,38.0,19.42105263157895,0,1,1.0,0,28.895934959349592,2016,2016,0,10,10,-2.0,0.91,30.0,3.0,61.17,12,12,30.3664563,30.3447747,Nissan,other,Mostly Cloudy,True,False,False,False,False,False,False,True,False,True,False,False,False,True,False,False,False,False,False,False,False,True,False,False,True,False
3.69,5.424950017481403,10.48,14.666666666666666,19.0,33.09473684210526,0,1,1.0,0,21.564885496183205,2016,2016,0,12,12,-2.0,0.85,36.0,3.0,61.17,12,12,30.40273466,30.3664563,Hyundai,Solaris,Mostly Cloudy,True,False,False,False,False,False,False,True,False,True,False,False,False,True,False,False,False,False,False,False,False,False,False,False,False,False
4.15,5.539732962649695,5.49,23.6,32.0,10.293750000000001,0,1,1.0,0,46.19489981785064,2016,2016,0,13,13,-3.0,0.98,26.0,2.0,61.17,12,12,30.4638125,30.4780292,Mitsubishi,other,Overcast,True,False,False,False,False,False,False,True,False,True,False,True,False,False,False,False,False,False,True,False,False,False,False,False,False,False
2.76,5.1222362973435365,2.38,7.483333333333333,18.0,7.933333333333334,0,1,1.0,0,70.04621848739497,2016,2016,0,15,15,-7.0,0.84,-30.0,-2.0,60.51,12,12,30.4892557,30.3664563,Chevrolet,Lacetti,Mostly Cloudy,True,False,False,False,False,False,False,True,False,True,False,False,False,True,False,False,False,False,False,False,False,False,False,False,False,False
2.83,5.1477270079155355,4.12,13.166666666666666,21.0,11.771428571428572,0,1,1.0,0,41.51456310679611,2016,2016,0,15,15,-8.0,0.99,-45.0,-3.0,60.51,12,12,30.3664563,30.48992,Nissan,Almera,Overcast,True,False,False,False,False,False,False,True,False,True,False,True,False,False,False,False,False,False,False,False,False,False,False,False,False,False
4.78,5.66970849432245,8.42,25.716666666666665,38.0,13.294736842105264,0,1,1.0,0,34.31710213776722,2016,2016,0,19,19,-8.0,1.0,-57.0,-3.0,60.51,12,12,30.3664563,30.4552783,other,other,Overcast,True,False,False,False,False,False,False,True,False,True,False,True,False,False,False,False,False,False,False,False,True,False,False,True,False,False
4.04,5.502889532276811,10.27,17.5,24.0,25.674999999999997,0,1,1.0,0,23.797468354430382,2016,2016,0,13,13,-4.0,0.81,0.0,0.0,60.49,12,12,30.42742699,30.47743469,Ford,Focus,Mostly Cloudy,True,False,False,False,False,False,False,True,False,True,False,False,False,True,False,False,False,False,False,False,False,False,False,False,False,False
3.38,5.32598117053051,2.41,11.316666666666666,23.0,6.852631578947369,0,1,1.0,0,81.56596794081382,2016,2016,0,17,17,-5.0,0.98,0.0,0.0,60.49,12,12,30.499693,30.3664563,Hyundai,Solaris,Overcast,True,False,False,False,False,False,False,True,False,True,False,True,False,False,False,False,False,False,False,False,True,False,False,True,False,False
2.14,4.868994921909306,2.17,9.133333333333333,19.0,6.852631578947369,0,1,1.0,0,59.534562211981566,2016,2016,0,19,19,-2.0,1.0,38.0,2.0,60.49,12,12,30.3664563,30.4990767,other,other,Overcast,True,False,False,False,False,False,False,True,False,True,False,True,False,False,False,False,False,False,False,False,True,False,False,True,False,False
12.97,6.55250788703459,31.35,38.2,42.0,42.4875,0,0,1.0,0,57.41626794258373,2017,2017,0,14,14,-19.0,0.35,-135.0,-19.0,60.6,1,1,30.2742717,30.3664563,Mercedes-Benz,other,Partly Cloudy,True,False,False,False,True,False,False,False,False,True,False,False,False,True,False,False,False,False,False,False,False,False,False,False,False,False
11.74,6.55250788703459,33.35,38.2,42.0,42.4875,0,1,1.0,0,20.98950524737631,2017,2017,0,14,14,-25.0,0.73,-135.0,-16.0,59.6,1,1,30.2742717,30.3664563,Renault,other,Flurries,True,False,False,False,False,False,False,True,False,True,False,False,False,False,False,False,True,False,False,True,False,False,False,False,False,False
2.8,5.126342101808226,4.81,11.966666666666667,21.0,13.742857142857142,0,1,1.0,0,34.802494802494806,2017,2017,0,15,15,-11.0,0.54,-75.0,-5.0,59.81,1,1,30.4094367,30.3664563,Ford,other,Partly Cloudy,True,False,False,False,False,False,False,True,False,True,False,False,False,True,False,False,False,False,False,False,False,False,False,False,False,False
2.89,5.15675380222625,5.66,11.85,17.0,19.976470588235294,0,1,1.0,0,30.49469964664311,2017,2017,1,16,16,-13.0,0.62,-96.0,-6.0,59.81,1,1,30.3664563,30.4142128,Ford,Focus,Mostly Cloudy,True,False,False,False,False,False,False,True,False,True,False,False,False,False,True,False,False,False,False,False,False,False,False,False,False,False
3.05,5.205763384937429,2.43,16.333333333333332,18.0,8.100000000000001,0,1,1.0,0,74.61728395061728,2017,2017,1,9,9,-10.0,0.86,-27.0,-3.0,59.47,1,1,30.50028509,30.3664563,other,other,Mostly Cloudy,True,False,False,False,False,False,False,True,False,True,False,False,False,False,True,False,False,False,False,False,False,True,False,False,True,False
1.84,4.703747749349085,2.41,6.066666666666666,14.0,10.32857142857143,0,1,1.0,0,45.377593360995846,2017,2017,0,10,10,-10.0,0.75,-30.0,-3.0,59.47,1,1,30.3664563,30.5003648,Hyundai,Solaris,Mostly Cloudy,True,False,False,False,False,False,False,True,False,True,False,False,False,True,False,False,False,False,False,False,False,True,False,False,True,False
2.73,5.095772694065048,4.89,11.15,18.0,16.3,0,1,1.0,0,33.196319018404914,2017,2017,0,12,12,-10.0,0.86,-36.0,-3.0,59.47,1,1,30.4117617,30.3664563,Renault,other,Mostly Cloudy,True,False,False,False,False,False,False,True,False,True,False,False,False,True,False,False,False,False,False,False,False,False,False,False,False,False
3.24,5.265225831547838,6.08,14.266666666666667,18.0,20.26666666666667,0,1,1.0,0,31.659539473684212,2017,2017,0,13,13,-9.0,0.78,-39.0,-3.0,59.47,1,1,30.3664563,30.4135817,Volkswagen,Polo,Mostly Cloudy,True,False,False,False,False,False,False,True,False,True,False,False,False,True,False,False,False,False,False,False,False,False,False,False,False,False
3.82,5.430704354591362,7.4,17.933333333333334,27.0,16.444444444444446,0,1,1.0,0,30.717567567567567,2017,2017,0,16,16,-10.0,0.96,-48.0,-3.0,59.47,1,1,30.3664563,30.45525986,other,other,Overcast,True,False,False,False,False,False,False,True,False,True,False,True,False,False,False,False,False,False,False,False,False,False,False,False,False,False
4.27,5.542948399503669,10.77,18.433333333333334,26.0,24.853846153846153,0,1,1.0,0,23.623955431754876,2017,2017,0,14,14,-5.0,0.94,0.0,0.0,59.6,1,1,30.4281493,30.3664563,Hyundai,Solaris,Overcast,True,False,False,False,False,False,False,True,False,True,False,True,False,False,False,False,False,False,False,True,False,False,False,False,False,False
5.3,5.758239093785499,13.89,24.083333333333332,28.0,29.764285714285716,0,1,1.0,0,22.735061195104393,2017,2017,0,16,16,-4.0,0.92,0.0,0.0,59.6,1,1,30.3664563,30.4200008,Volkswagen,Polo,Mostly Cloudy,True,False,False,False,False,False,False,True,False,True,False,False,False,True,False,False,False,False,False,False,False,False,False,False,False,False
6.5,5.96524890028957,10.12,38.25,41.0,14.809756097560975,0,1,1.0,0,38.40415019762846,2017,2017,0,16,16,-4.0,1.0,-64.0,-4.0,59.82,1,1,30.3664563,30.35032134,Hyundai,Solaris,Overcast,True,False,False,False,False,False,False,True,False,True,False,True,False,False,False,False,False,False,False,False,False,False,False,False,False,False
11.73,6.55250788703459,33.97,33.2,37.0,42.4875,0,1,1.0,0,20.539906103286388,2017,2017,0,15,15,-5.0,0.95,15.0,1.0,59.7,1,1,30.3664563,30.2808294,Renault,other,Overcast,True,False,False,False,False,False,False,True,False,True,False,True,False,False,False,False,False,False,False,False,False,False,False,False,False,False
6.3,5.9310508405473605,11.6,34.9,42.0,16.571428571428573,0,1,1.0,0,32.375,2017,2017,0,10,10,-9.0,0.12,-90.0,-9.0,59.6,1,1,30.3223278,30.3664563,Kia,Rio,Clear,True,False,False,False,False,False,False,True,False,True,False,False,False,False,False,False,False,False,False,False,False,True,False,False,True,False
7.65,6.124201874546176,12.83,45.15,51.0,15.094117647058823,0,1,1.0,0,35.52455183164458,2017,2017,0,16,16,-11.0,0.57,-112.0,-7.0,59.6,1,1,30.4775967,30.3368183,Ford,Focus,Partly Cloudy,True,False,False,False,False,False,False,True,False,True,False,False,False,True,False,False,False,False,False,False,False,False,False,False,False,False
11.61,6.55250788703459,33.74,35.0,38.0,42.4875,0,1,1.0,0,20.746887966804977,2017,2017,1,20,20,-2.0,0.92,20.0,1.0,60.31,1,1,30.2743752,30.3664563,other,other,Mostly Cloudy,True,False,False,False,False,False,False,True,False,True,False,False,False,False,True,False,False,False,False,False,True,False,False,True,False,False
6.06,5.881677582497242,11.62,32.3,38.0,18.347368421052632,0,1,1.0,0,30.758175559380383,2017,2017,0,11,11,-5.0,0.91,-22.0,-2.0,59.01,2,2,30.3416492,30.3664563,Hyundai,Solaris,Mostly Cloudy,True,False,False,False,False,False,False,True,False,True,False,False,False,True,False,False,False,False,False,False,False,True,False,False,True,False
6.48,5.949730678623674,13.23,34.3,37.0,21.454054054054055,0,1,1.0,0,28.922902494331062,2017,2017,0,12,12,-4.0,1.0,-24.0,-2.0,59.01,2,2,30.3664563,30.341495,Volkswagen,Polo,Overcast,True,False,False,False,False,False,False,True,False,True,False,True,False,False,False,False,False,False,False,False,False,False,False,False,False,False
6.16,5.901950039900234,13.62,31.35,36.0,22.7,0,1,1.0,0,26.780469897209986,2017,2017,1,18,18,-9.0,0.49,-135.0,-9.0,59.21,2,2,30.3664563,30.5190117,Nissan,Almera,Partly Cloudy,True,False,False,False,False,False,False,True,False,True,False,False,False,False,True,False,False,False,False,False,True,False,False,True,False,False
3.52,5.3412331675248685,6.55,15.983333333333333,26.0,15.115384615384615,0,1,1.0,0,31.7206106870229,2017,2017,0,15,15,-10.0,0.49,-135.0,-10.0,59.0,2,2,30.3972901,30.3664563,Kia,other,Partly Cloudy,True,False,False,False,False,False,False,True,False,True,False,False,False,True,False,False,False,False,False,False,False,False,False,False,False,False
3.97,5.459840800704708,7.29,19.0,21.0,20.82857142857143,0,1,1.0,0,32.10699588477366,2017,2017,0,16,16,-15.0,0.38,-135.0,-11.0,59.0,2,2,30.3664563,30.39408479,Kia,other,Partly Cloudy,True,False,False,False,False,False,False,True,False,True,False,False,False,True,False,False,False,False,False,False,False,False,False,False,False,False
12.26,6.55250788703459,33.97,36.96666666666667,42.0,42.4875,0,1,1.0,0,20.545934840035223,2017,2017,0,7,7,-2.0,0.0,21.0,3.0,57.07,2,2,30.3664563,30.2808294,Ford,other,Clear,True,False,False,False,False,False,False,True,False,True,True,False,False,False,False,False,False,False,False,False,False,True,False,False,True,False
3.48,5.318119993844216,6.69,23.05,33.0,12.163636363636364,0,1,1.0,0,30.343796711509714,2017,2017,0,16,16,-8.0,0.0,-32.0,-2.0,58.27,3,3,30.4507533,30.3664563,Nissan,Almera,Clear,True,False,False,False,False,False,False,True,False,True,False,False,False,False,False,False,False,False,False,False,False,False,False,False,False,False
4.44,5.560681631015528,7.72,20.233333333333334,26.0,17.815384615384612,0,1,1.0,0,33.54922279792746,2017,2017,0,17,17,-8.0,0.21,-51.0,-3.0,58.27,3,3,30.3664563,30.4512119,other,other,Clear,True,False,False,False,False,False,False,True,False,True,False,False,False,False,False,False,False,False,False,False,True,False,False,True,False,False
4.26,5.501258210544727,7.11,19.65,26.0,16.407692307692308,0,1,1.0,0,34.31786216596343,2017,2017,0,15,15,3.0,0.53,75.0,5.0,57.22,3,3,30.450966,30.3664563,Ford,Focus,Partly Cloudy,True,False,False,False,False,False,False,True,False,True,False,False,False,True,False,False,False,False,False,False,False,False,False,False,False,False
3.58,5.327876168789581,7.35,14.683333333333334,20.0,22.05,0,1,1.0,0,27.891156462585034,2017,2017,0,17,17,1.0,0.75,51.0,3.0,57.22,3,3,30.3664563,30.4510142,Skoda,other,Mostly Cloudy,True,False,False,False,False,False,False,True,False,True,False,False,False,True,False,False,False,False,False,False,True,False,False,True,False,False
7.58,6.075346031088684,21.16,29.233333333333334,38.0,33.410526315789475,0,1,1.0,0,20.51039697542533,2017,2017,0,17,17,3.0,0.69,51.0,3.0,57.22,3,3,30.29012,30.3664563,other,other,Mostly Cloudy,True,False,False,False,False,False,False,True,False,True,False,False,False,True,False,False,False,False,False,False,True,False,False,True,False,False
6.83,5.971261839790462,23.06,32.016666666666666,33.0,41.92727272727272,0,1,1.0,0,18.878504672897197,2017,2017,0,18,18,2.0,0.55,36.0,2.0,57.22,3,3,30.3664563,30.2907717,other,other,Partly Cloudy,True,False,False,False,False,False,False,True,False,True,False,False,False,True,False,False,False,False,False,False,True,False,False,True,False,False
5.32,5.723911845951367,9.46,26.983333333333334,28.0,20.271428571428572,0,1,1.0,0,32.25158562367864,2017,2017,0,9,9,-2.0,0.46,27.0,3.0,57.39,3,3,30.40974,30.4098317,Nissan,Almera,Partly Cloudy,True,False,False,False,False,False,False,True,False,True,False,False,False,True,False,False,False,False,False,False,False,True,False,False,True,False
4.16,5.459585514144159,5.06,14.066666666666666,22.0,13.8,0,0,1.0,0,46.245059288537554,2017,2017,0,15,15,5.0,0.99,75.0,5.0,56.26,4,4,30.4489838,30.4785031,Renault,Logan,Overcast,False,False,True,False,False,False,False,False,False,True,False,True,False,False,False,False,False,False,False,False,False,False,False,False,False,False
4.02,5.424950017481403,7.31,13.183333333333334,20.0,21.93,0,0,1.0,0,30.91655266757866,2017,2017,0,17,17,5.0,0.6,85.0,5.0,56.26,4,4,30.4785031,30.4489838,Volkswagen,Polo,Mostly Cloudy,False,False,True,False,False,False,False,False,False,True,False,False,False,True,False,False,False,False,False,False,True,False,False,True,False,False
2.03,4.762173934797756,3.24,9.8,18.0,10.8,0,0,1.0,0,35.80246913580247,2017,2017,0,15,15,5.0,0.86,105.0,7.0,57.23,4,4,30.4785031,30.4640653,Renault,other,Mostly Cloudy,False,False,True,False,False,False,False,False,False,True,False,False,False,True,False,False,False,False,True,False,False,False,False,False,False,False
6.24,5.883322388488279,12.78,21.716666666666665,32.0,23.9625,0,0,1.0,0,28.01251956181534,2017,2017,1,20,20,4.0,0.89,140.0,7.0,57.41,4,4,30.6289971,30.4785031,Chevrolet,Cruze,Mostly Cloudy,False,False,True,False,False,False,False,False,False,True,False,False,False,False,True,False,False,False,False,False,True,False,False,True,False,False
2.49,4.962844630259907,4.73,10.633333333333333,22.0,12.900000000000002,0,1,1.0,0,30.021141649048623,2017,2017,0,10,10,-1.0,0.83,40.0,4.0,57.13,4,4,30.4200281,30.3664563,Renault,Logan,Mostly Cloudy,True,False,False,False,False,False,False,True,False,True,False,False,False,True,False,False,False,False,False,False,False,True,False,False,True,False
2.85,5.099866427824199,6.61,18.6,28.0,14.164285714285715,0,1,1.0,0,24.659606656580937,2017,2017,0,14,14,2.0,0.68,70.0,5.0,57.13,4,4,30.3664563,30.4173905,Volkswagen,Polo,Mostly Cloudy,True,False,False,False,False,False,False,True,False,True,False,False,False,True,False,False,False,False,False,False,False,False,False,False,False,False
2.82,5.087596335232384,4.89,17.883333333333333,25.0,11.735999999999999,0,1,1.0,0,32.92433537832311,2017,2017,0,16,16,2.0,0.13,80.0,5.0,57.11,5,5,30.3664563,30.4175976,other,other,Clear,True,False,False,False,False,False,False,True,False,True,False,False,False,False,False,False,False,False,False,False,False,False,False,False,False,False
3.22,5.220355825078324,10.12,19.566666666666666,27.0,22.488888888888887,0,1,1.0,0,18.878504672897197,2017,2017,0,13,13,13.0,0.52,169.0,13.0,57.1,5,5,30.3664563,30.42532,Volkswagen,Polo,Partly Cloudy,True,False,False,False,False,False,False,True,False,True,False,False,False,True,False,False,False,False,False,False,False,False,False,False,False,False
9.93,6.329720905522696,33.78,29.5,38.0,42.4875,0,1,1.0,0,18.878504672897197,2017,2017,0,7,7,9.0,0.76,45.0,9.0,56.38,5,5,30.2742717,30.3664563,Chevrolet,other,Mostly Cloudy,True,False,False,False,False,False,False,True,False,True,False,False,False,True,False,False,False,False,False,False,False,True,False,False,True,False
9.93,6.329720905522696,33.97,46.43333333333333,57.0,31.325581395348834,0,1,1.0,0,18.878504672897197,2017,2017,0,7,7,13.0,0.53,91.0,13.0,56.38,5,5,30.3664563,30.2808294,Volkswagen,Polo,Partly Cloudy,True,False,False,False,False,False,False,True,False,True,False,False,False,True,False,False,False,False,False,False,False,True,False,False,True,False
4.6,5.564520407322694,8.38,17.8,26.0,19.33846153846154,0,1,1.0,0,31.026252983293553,2017,2017,0,11,11,15.0,0.68,165.0,15.0,56.52,5,5,30.4511342,30.3664563,other,other,Mostly Cloudy,True,False,False,False,False,False,False,True,False,True,False,False,False,True,False,False,False,False,False,False,False,True,False,False,True,False
3.08,5.1647859739235145,8.77,16.383333333333333,20.0,26.31,0,1,1.0,0,19.84036488027366,2017,2017,0,12,12,16.0,0.32,192.0,16.0,56.52,5,5,30.3664563,30.4510085,Nissan,Almera,Partly Cloudy,True,False,False,False,False,False,False,True,False,True,False,False,False,True,False,False,False,False,False,False,False,False,False,False,False,False
2.83,5.081404364984463,5.7,16.333333333333332,26.0,13.153846153846153,0,1,1.0,0,28.07017543859649,2017,2017,0,15,15,14.0,0.43,210.0,14.0,56.57,5,5,30.4078928,30.3664563,Hyundai,other,Partly Cloudy,True,False,False,False,False,False,False,True,False,True,False,False,False,True,False,False,False,False,False,False,False,False,False,False,False,False
3.41,5.267858159063328,6.05,20.916666666666668,30.0,12.1,0,1,1.0,0,31.90082644628099,2017,2017,0,17,17,14.0,0.52,238.0,14.0,56.57,5,5,30.3664563,30.4079467,other,other,Partly Cloudy,True,False,False,False,False,False,False,True,False,True,False,False,False,True,False,False,False,False,False,False,True,False,False,True,False,False
2.58,4.990432586778736,4.72,18.25,24.0,11.799999999999999,0,1,1.0,0,30.93220338983051,2017,2017,0,12,12,0.0,0.93,60.0,5.0,56.64,6,6,30.4201667,30.3664563,Hyundai,Solaris,Mostly Cloudy,True,False,False,False,False,False,False,True,False,True,False,False,False,True,False,False,False,False,False,False,False,False,False,False,False,False
3.92,5.407171771460119,6.52,15.783333333333333,26.0,15.046153846153844,0,1,1.0,0,34.04907975460123,2017,2017,0,15,15,1.0,0.96,75.0,5.0,56.64,6,6,30.3664563,30.4178667,Hyundai,other,Overcast,True,False,False,False,False,False,False,True,False,True,False,True,False,False,False,False,False,False,False,False,False,False,False,False,False,False
4.7,5.58724865840025,10.98,25.233333333333334,30.0,21.96,0,1,1.0,0,24.225865209471767,2017,2017,0,12,12,11.0,0.25,132.0,11.0,56.63,6,6,30.3361931,30.3664563,other,other,Partly Cloudy,True,False,False,False,False,False,False,True,False,True,False,False,False,True,False,False,False,False,False,False,False,False,False,False,False,False
4.89,5.627621113690637,15.24,25.55,34.0,26.894117647058824,0,1,1.0,0,18.878504672897197,2017,2017,0,16,16,13.0,0.16,208.0,13.0,56.63,6,6,30.3664563,30.31886836,Hyundai,Solaris,Clear,True,False,False,False,False,False,False,True,False,True,False,False,False,False,False,False,False,False,False,False,False,False,False,False,False,False
7.47,6.0473721790462776,18.27,44.983333333333334,55.0,19.93090909090909,0,1,1.0,0,23.097974822112754,2017,2017,0,11,11,15.0,0.64,165.0,15.0,56.52,6,6,30.39474,30.3664563,Hyundai,Solaris,Mostly Cloudy,True,False,False,False,False,False,False,True,False,True,False,False,False,True,False,False,False,False,False,False,False,True,False,False,True,False
8.46,6.171700597410915,18.73,36.46666666666667,47.0,23.910638297872342,0,1,1.0,0,25.52055525894287,2017,2017,0,12,12,17.0,0.61,204.0,17.0,56.52,6,6,30.3664563,30.3954479,Nissan,other,Mostly Cloudy,True,False,False,False,False,False,False,True,False,True,False,False,False,True,False,False,False,False,False,False,False,False,False,False,False,False
10.41,6.388947885474488,33.57,33.65,41.0,42.4875,0,1,1.0,0,18.878504672897197,2017,2017,0,20,20,19.0,0.23,342.0,19.0,57.08,6,6,30.2782467,30.3664563,Nissan,Almera,Clear,True,False,False,False,False,False,False,True,False,True,False,False,False,False,False,False,False,False,False,False,True,False,False,True,False,False
11.04,6.447305862541213,33.97,31.383333333333333,32.0,42.4875,0,1,1.0,0,18.878504672897197,2017,2017,0,21,21,13.0,0.09,286.0,13.0,57.08,6,6,30.3664563,30.2831367,Hyundai,Solaris,Clear,True,False,False,False,False,False,False,True,False,True,True,False,False,False,False,False,False,False,False,False,False,False,True,False,False,True
2.18,4.8283137373023015,4.02,9.183333333333334,17.0,14.188235294117646,0,1,1.0,0,30.84577114427861,2017,2017,0,20,20,12.0,0.92,240.0,12.0,56.91,6,6,30.47097019,30.3664563,Volkswagen,other,Mostly Cloudy,True,False,False,False,False,False,False,True,False,True,False,False,False,True,False,False,False,False,True,False,True,False,False,True,False,False
3.06,5.1647859739235145,4.09,9.1,13.0,18.876923076923077,0,1,1.0,0,42.54278728606357,2017,2017,0,20,20,12.0,0.93,240.0,12.0,56.91,6,6,30.3664563,30.47618785,Ford,other,Mostly Cloudy,True,False,False,False,False,False,False,True,False,True,False,False,False,True,False,False,False,False,True,False,True,False,False,True,False,False
3.51,5.318119993844216,9.66,23.866666666666667,37.0,15.664864864864864,0,1,1.0,0,21.014492753623188,2017,2017,1,7,7,8.0,0.29,24.0,8.0,57.84,6,6,30.3618117,30.3664563,Skoda,Octavia,Partly Cloudy,True,False,False,False,False,False,False,True,False,True,False,False,False,False,True,False,False,False,False,False,False,False,True,False,False,True
5.65,5.793013608384144,5.71,30.7,42.0,8.157142857142858,0,1,1.0,0,57.26795096322242,2017,2017,0,9,9,6.0,1.0,81.0,9.0,57.84,6,6,37.635031,37.6350862,Hyundai,Solaris,Overcast,True,False,False,False,False,False,False,True,True,False,False,True,False,False,False,False,False,False,True,False,False,True,False,False,True,False
7.68,6.09807428216624,14.18,36.03333333333333,48.0,17.724999999999998,0,1,1.0,0,31.311706629055006,2017,2017,0,16,16,11.0,0.0,176.0,11.0,57.84,6,6,37.635031,37.6350862,Kia,other,Clear,True,False,False,False,False,False,False,True,True,False,False,False,False,False,False,False,False,False,True,False,False,False,False,False,False,False
2.56,5.003946305945459,3.91,10.883333333333333,19.0,12.347368421052632,0,1,1.0,0,37.85166240409207,2017,2017,0,14,14,15.0,0.98,210.0,15.0,57.77,6,6,37.6222847,37.6350862,Hyundai,Solaris,Overcast,True,False,False,False,False,False,False,True,True,False,False,True,False,False,False,False,False,False,True,False,False,False,False,False,False,False
3.91,5.424950017481403,3.51,15.4,22.0,9.572727272727272,0,1,1.0,0,64.38746438746439,2017,2017,0,16,16,14.0,0.0,224.0,14.0,57.77,6,6,37.635031,37.62159103,Hyundai,Solaris,Clear,True,False,False,False,False,False,False,True,True,False,False,False,False,False,False,False,False,False,True,False,False,False,False,False,False,False
10.04,6.364750756851911,11.23,26.066666666666666,29.0,23.23448275862069,0,0,1.0,0,51.64737310774711,2017,2017,0,16,16,20.0,0.0,320.0,20.0,57.77,6,6,37.6348309,37.6350862,other,other,Clear,True,False,False,False,False,False,True,False,True,False,False,False,False,False,False,False,False,False,True,False,False,False,False,False,False,False
8.1,6.150602768446279,7.16,13.283333333333333,21.0,20.45714285714286,0,0,1.0,0,65.36312849162012,2017,2017,0,21,21,15.0,0.14,315.0,15.0,57.77,6,6,37.635031,37.6276832,Kia,other,Clear,True,False,False,False,False,False,True,False,True,False,True,False,False,False,False,False,False,False,True,False,True,False,False,True,False,False
3.0,5.159055299214529,4.73,13.1,17.0,16.694117647058825,0,1,1.0,0,36.57505285412262,2017,2017,0,14,14,25.0,0.58,342.0,25.0,57.74,6,6,37.5898742,37.6347059,Kia,Rio,Partly Cloudy,True,False,False,False,False,False,False,True,True,False,False,False,False,True,False,False,False,False,True,False,False,False,False,False,False,False
4.98,5.676753802268282,13.33,24.75,34.0,23.523529411764706,0,1,1.0,0,21.8304576144036,2017,2017,0,11,11,17.0,1.0,187.0,17.0,58.46,6,6,37.635031,37.6350862,Hyundai,Solaris,Overcast,True,False,False,False,False,False,False,True,True,False,False,True,False,False,False,False,False,False,True,False,False,True,False,False,True,False
1.72,4.6848128136402885,1.79,5.7,12.0,6.852631578947369,0,1,1.0,0,81.56596794081382,2017,2017,0,21,21,17.0,0.14,342.0,17.0,58.46,6,6,30.2742717,30.2808294,Kia,Rio,Clear,True,False,False,False,False,False,False,True,False,True,False,False,False,False,False,False,False,False,False,False,True,False,False,True,False,False
1.72,4.6848128136402885,1.79,5.7,12.0,12.799999999999999,0,1,1.0,0,78.390625,2017,2017,0,21,21,17.0,0.13,342.0,17.0,58.46,6,6,30.2742717,30.2808294,Hyundai,Solaris,Clear,True,False,False,False,False,False,False,True,False,True,False,False,False,False,False,False,False,False,False,False,True,False,False,True,False,False
11.62,6.522092798170152,33.97,28.933333333333334,37.0,42.4875,0,1,1.0,0,19.68686575819078,2017,2017,0,21,21,17.0,0.13,342.0,17.0,58.46,6,6,30.3664563,30.2808294,Renault,other,Clear,True,False,False,False,False,False,False,True,False,True,False,False,False,False,False,False,False,False,False,False,True,False,False,True,False,False
4.19,5.5254529391317835,8.82,25.75,33.0,16.036363636363635,0,1,1.0,0,28.34467120181406,2017,2017,0,9,9,14.0,0.49,126.0,14.0,59.6,6,6,30.3680217,30.3664563,Kia,Rio,Partly Cloudy,True,False,False,False,False,False,False,True,False,True,False,False,False,True,False,False,False,False,False,False,False,True,False,False,True,False
7.55,6.111866372960278,11.65,46.43333333333333,57.0,11.847457627118645,0,1,1.0,0,38.64206008583691,2017,2017,0,14,14,12.0,0.99,168.0,12.0,59.6,6,6,30.3664563,30.3643802,other,other,Overcast,True,False,False,False,False,False,False,True,False,True,False,True,False,False,False,False,False,False,False,False,False,False,False,False,False,False
1.91,4.74493212836325,2.24,9.75,14.0,9.600000000000001,0,1,1.0,0,50.89285714285714,2017,2017,0,15,15,13.0,0.87,195.0,13.0,59.6,6,6,30.3664563,30.48744021,other,other,Mostly Cloudy,True,False,False,False,False,False,False,True,False,True,False,False,False,True,False,False,False,False,False,False,False,False,False,False,False,False
3.62,5.375694987569381,8.37,25.216666666666665,41.0,12.248780487804877,0,1,1.0,0,25.697729988052572,2017,2017,0,15,15,14.0,0.77,210.0,14.0,59.45,6,6,30.3664563,30.4175122,Nissan,other,Mostly Cloudy,True,False,False,False,False,False,False,True,False,True,False,False,False,True,False,False,False,False,False,False,False,False,False,False,False,False
4.11,5.493061443340548,8.37,17.95,32.0,15.693749999999998,0,1,1.0,0,28.912783751493432,2017,2017,0,14,14,16.0,0.92,224.0,16.0,58.93,6,6,30.3679649,30.3664563,other,other,Mostly Cloudy,True,False,False,False,False,False,False,True,False,True,False,False,False,True,False,False,False,False,False,False,False,False,False,False,False,False
4.45,5.572154032177765,9.48,42.68333333333333,55.0,10.341818181818184,0,1,1.0,0,27.637130801687764,2017,2017,0,17,17,16.0,0.41,272.0,16.0,58.93,6,6,30.3664563,30.369655,Renault,other,Partly Cloudy,True,False,False,False,False,False,False,True,False,True,False,False,False,True,False,False,False,False,False,False,True,False,False,True,False,False
3.43,5.318463072240994,5.47,13.433333333333334,22.0,14.918181818181818,0,1,1.0,0,37.124314442413166,2017,2017,0,8,8,19.0,0.28,152.0,19.0,59.27,7,7,30.4156094,30.3664563,Nissan,Almera,Partly Cloudy,True,False,False,False,False,False,False,True,False,True,False,False,False,True,False,False,False,False,False,False,False,True,False,False,True,False
4.94,5.683579767338681,6.08,13.383333333333333,14.0,26.057142857142857,0,1,1.0,0,48.19078947368421,2017,2017,0,9,9,19.0,0.3,171.0,19.0,59.27,7,7,30.3664563,30.4173356,Nissan,Almera,Partly Cloudy,True,False,False,False,False,False,False,True,False,True,False,False,False,True,False,False,False,False,False,False,False,True,False,False,True,False
2.46,4.990432586778736,4.54,9.683333333333334,21.0,12.971428571428572,0,1,1.0,0,32.158590308370044,2017,2017,0,16,16,18.0,0.34,288.0,18.0,59.39,7,7,30.4104133,30.3664563,Ford,Focus,Partly Cloudy,True,False,False,False,False,False,False,True,False,True,False,False,False,True,False,False,False,False,False,False,False,False,False,False,False,False
3.07,5.209759339566245,6.71,20.866666666666667,32.0,12.58125,0,1,1.0,0,27.13114754098361,2017,2017,0,18,18,19.0,0.53,342.0,19.0,59.39,7,7,30.3664563,30.40974301,Nissan,Almera,Partly Cloudy,True,False,False,False,False,False,False,True,False,True,False,False,False,True,False,False,False,False,False,False,True,False,False,True,False,False
3.62,5.389071729816501,8.27,22.566666666666666,29.0,17.110344827586207,0,1,1.0,0,26.360338573155985,2017,2017,0,13,13,16.0,0.8,208.0,16.0,60.21,7,7,30.3682152,30.3664563,Renault,other,Mostly Cloudy,True,False,False,False,False,False,False,True,False,True,False,False,False,True,False,False,False,False,False,False,False,False,False,False,False,False
3.69,5.407171771460119,10.04,22.183333333333334,28.0,21.514285714285712,0,1,1.0,0,22.11155378486056,2017,2017,0,14,14,16.0,0.91,224.0,16.0,60.21,7,7,30.3664563,30.3676417,Volkswagen,Polo,Mostly Cloudy,True,False,False,False,False,False,False,True,False,True,False,False,False,True,False,False,False,False,False,False,False,False,False,False,False,False
1.72,4.6848128136402885,1.83,5.7,14.0,7.842857142857143,0,1,1.0,0,48.63387978142077,2017,2017,0,10,10,12.0,0.72,120.0,12.0,60.14,7,7,30.464945,30.489003,Volkswagen,other,Mostly Cloudy,True,False,False,False,False,False,False,True,False,True,False,False,False,True,False,False,False,False,False,False,False,True,False,False,True,False
1.72,4.6848128136402885,1.79,5.7,12.0,7.02,0,1,1.0,0,81.56596794081382,2017,2017,0,16,16,13.0,0.88,208.0,13.0,60.14,7,7,30.3761917,30.3662417,Ford,Focus,Mostly Cloudy,True,False,False,False,False,False,False,True,False,True,False,False,False,True,False,False,False,False,False,False,False,False,False,False,False,False
3.2,5.267858159063328,7.98,17.766666666666666,28.0,17.1,0,1,1.0,0,24.185463659147867,2017,2017,0,13,13,13.0,0.19,169.0,13.0,60.39,7,7,30.3664563,30.44553,Renault,other,Clear,True,False,False,False,False,False,False,True,False,True,False,False,False,False,False,False,False,False,False,False,False,False,False,False,False,False
8.74,6.248042874508429,13.48,26.15,44.0,18.381818181818183,0,0,1.0,0,38.27893175074184,2017,2017,0,10,10,19.0,0.28,190.0,19.0,59.06,7,7,30.2742717,30.480692,Skoda,Octavia,Partly Cloudy,False,False,True,False,False,False,False,False,False,True,False,False,False,True,False,False,False,False,False,False,False,True,False,False,True,False
6.05,5.8805329864007,19.33,27.366666666666667,35.0,33.137142857142855,0,1,1.0,0,18.878504672897197,2017,2017,0,20,20,18.0,0.2,342.0,18.0,59.06,7,7,30.3664563,30.2808294,Skoda,Octavia,Clear,True,False,False,False,False,False,False,True,False,True,False,False,False,False,False,False,False,False,False,False,True,False,False,True,False,False
10.52,6.437751649736401,33.68,35.25,48.0,42.099999999999994,0,1,1.0,0,18.878504672897197,2017,2017,0,17,17,18.0,0.76,306.0,18.0,59.33,7,7,30.2742717,30.3664563,Ford,Focus,Mostly Cloudy,True,False,False,False,False,False,False,True,False,True,False,False,False,True,False,False,False,False,False,False,True,False,False,True,False,False
5.12,5.723585101952381,12.86,15.466666666666667,20.0,38.58,0,1,1.0,0,23.716951788491446,2017,2017,0,10,10,21.0,0.93,210.0,21.0,59.51,7,7,30.51186,30.3664563,other,other,Mostly Cloudy,True,False,False,False,False,False,False,True,False,True,False,False,False,True,False,False,False,False,False,False,False,True,False,False,True,False
5.21,5.739792912179234,14.76,19.4,28.0,31.628571428571426,0,1,1.0,0,21.00271002710027,2017,2017,0,13,13,25.0,0.69,325.0,25.0,59.51,7,7,30.3664563,30.5120449,Volkswagen,Polo,Mostly Cloudy,True,False,False,False,False,False,False,True,False,True,False,False,False,True,False,False,False,False,False,False,False,False,False,False,False,False
3.14,5.236441962829949,6.66,10.616666666666667,21.0,19.02857142857143,0,1,1.0,0,28.07807807807808,2017,2017,0,13,13,21.0,0.39,273.0,21.0,59.51,7,7,30.4511381,30.3664563,Hyundai,Solaris,Partly Cloudy,True,False,False,False,False,False,False,True,False,True,False,False,False,True,False,False,False,False,False,False,False,False,False,False,False,False
3.78,5.420534999272286,8.63,20.733333333333334,29.0,17.855172413793106,0,1,1.0,0,26.071842410196986,2017,2017,0,14,14,21.0,0.9,294.0,21.0,59.51,7,7,30.3664563,30.4512848,Skoda,Rapid,Mostly Cloudy,True,False,False,False,False,False,False,True,False,True,False,False,False,True,False,False,False,False,False,False,False,False,False,False,False,False
3.3,5.298317366548036,8.1,16.216666666666665,23.0,21.130434782608692,0,1,1.0,0,24.567901234567902,2017,2017,0,17,17,21.0,0.52,342.0,21.0,60.33,8,8,30.3664563,30.4448071,Volkswagen,Polo,Partly Cloudy,True,False,False,False,False,False,False,True,False,True,False,False,False,True,False,False,False,False,False,False,True,False,False,True,False,False
10.84,6.478509642208569,33.97,28.733333333333334,38.0,42.4875,0,1,1.0,0,19.04482859654263,2017,2017,0,10,10,18.0,0.82,180.0,18.0,59.99,8,8,30.3664563,30.2808294,Kia,Rio,Breezy and Mostly Cloudy,True,False,False,False,False,False,False,True,False,True,False,False,False,False,False,False,False,True,False,False,False,True,False,False,True,False
2.72,5.099866427824199,6.84,16.466666666666665,25.0,16.416,0,1,1.0,0,23.830409356725145,2017,2017,0,16,16,20.0,0.31,320.0,20.0,59.82,8,8,30.3664563,30.4186203,Kia,Rio,Partly Cloudy,True,False,False,False,False,False,False,True,False,True,False,False,False,True,False,False,False,False,False,False,False,False,False,False,False,False
1.81,4.700480365792417,3.85,12.116666666666667,18.0,12.833333333333334,0,1,1.0,0,28.31168831168831,2017,2017,0,18,18,22.0,0.53,342.0,22.0,60.11,8,8,30.3117488,30.3539272,Ford,Focus,Partly Cloudy,True,False,False,False,False,False,False,True,False,True,False,False,False,True,False,False,False,False,False,False,True,False,False,True,False,False
6.16,5.916202062607435,15.26,27.816666666666666,36.0,25.433333333333334,0,1,1.0,0,24.246395806028833,2017,2017,1,21,21,15.0,0.41,330.0,15.0,60.11,8,8,30.3664563,30.3119914,Skoda,Octavia,Partly Cloudy,True,False,False,False,False,False,False,True,False,True,False,False,False,False,True,False,False,False,False,False,False,False,True,False,False,True
4.46,5.5909869805108565,11.47,29.883333333333333,38.0,18.110526315789475,0,1,1.0,0,23.278116826503922,2017,2017,0,19,19,20.0,0.0,342.0,20.0,59.83,8,8,30.3664563,30.3428486,Kia,Rio,Clear,True,False,False,False,False,False,False,True,False,True,False,False,False,False,False,False,False,False,False,False,True,False,False,True,False,False
6.75,6.003887067106539,14.74,32.5,39.0,22.676923076923078,0,1,1.0,0,27.40841248303935,2017,2017,0,12,12,24.0,0.32,288.0,24.0,59.83,8,8,30.296725,30.3664563,Chevrolet,Lacetti,Partly Cloudy,True,False,False,False,False,False,False,True,False,True,False,False,False,True,False,False,False,False,False,False,False,False,False,False,False,False
5.58,5.814130531825066,17.69,35.75,43.0,24.68372093023256,0,1,1.0,0,18.88072357263991,2017,2017,0,15,15,25.0,0.17,342.0,25.0,59.83,8,8,30.3664563,30.2967178,other,other,Clear,True,False,False,False,False,False,False,True,False,True,False,False,False,False,False,False,False,False,False,False,False,False,False,False,False,False
2.56,5.0369526024136295,7.08,10.033333333333333,16.0,26.55,0,1,1.0,0,21.610169491525422,2017,2017,0,11,11,21.0,0.7,231.0,21.0,59.83,8,8,30.4510372,30.3664563,Kia,other,Mostly Cloudy,True,False,False,False,False,False,False,True,False,True,False,False,False,True,False,False,False,False,False,False,False,True,False,False,True,False
4.56,5.6131281063880705,7.4,15.566666666666666,19.0,23.368421052631582,0,1,1.0,0,36.89189189189189,2017,2017,0,12,12,20.0,0.78,240.0,20.0,59.83,8,8,30.3664563,30.451324,Skoda,other,Mostly Cloudy,True,False,False,False,False,False,False,True,False,True,False,False,False,True,False,False,False,False,False,False,False,False,False,False,False,False
5.1,5.723585101952381,15.21,34.03333333333333,49.0,18.624489795918368,0,1,1.0,0,20.052596975673897,2017,2017,0,12,12,19.0,0.31,228.0,19.0,59.85,8,8,30.2863214,30.3664563,other,other,Partly Cloudy,True,False,False,False,False,False,False,True,False,True,False,False,False,True,False,False,False,False,False,False,False,False,False,False,False,False
4.29,5.552959584921617,14.27,46.18333333333333,51.0,16.788235294117648,0,1,1.0,0,18.878504672897197,2017,2017,0,20,20,16.0,0.28,320.0,16.0,59.85,8,8,30.49957272,30.32449097,Kia,Rio,Partly Cloudy,True,False,False,False,False,False,False,True,False,True,False,False,False,True,False,False,False,False,False,False,True,False,False,True,False,False
4.58,5.616771097666572,13.89,30.25,35.0,23.81142857142857,0,1,1.0,0,19.7264218862491,2017,2017,0,16,16,21.0,0.39,336.0,21.0,59.79,8,8,30.29151083,30.3664563,Renault,other,Partly Cloudy,True,False,False,False,False,False,False,True,False,True,False,False,False,True,False,False,False,False,False,False,False,False,False,False,False,False
12.97,6.55250788703459,33.97,36.7,48.0,42.4875,0,0,1.0,0,50.01389274798555,2017,2017,1,21,21,18.0,0.64,342.0,18.0,59.47,8,8,30.2742717,30.3664563,Mercedes-Benz,other,Mostly Cloudy,True,False,False,False,True,False,False,False,False,True,False,False,False,False,True,False,False,False,False,False,False,False,True,False,False,True
10.33,6.415096959171596,33.97,36.7,48.0,42.4875,0,1,1.0,0,18.878504672897197,2017,2017,1,21,21,18.0,0.64,342.0,18.0,59.07,8,8,30.2742717,30.3664563,Kia,Rio,Mostly Cloudy,True,False,False,False,False,False,False,True,False,True,False,False,False,False,True,False,False,False,False,False,False,False,True,False,False,True
10.11,6.393590753950631,33.97,40.75,44.0,42.4875,0,1,1.0,0,18.878504672897197,2017,2017,1,21,21,18.0,0.64,342.0,18.0,59.07,8,8,30.2742717,30.3664563,Ford,Focus,Mostly Cloudy,True,False,False,False,False,False,False,True,False,True,False,False,False,False,True,False,False,False,False,False,False,False,True,False,False,True
10.77,6.455198563340122,33.97,36.31666666666667,37.0,42.4875,0,1,1.0,0,18.878504672897197,2017,2017,1,7,7,18.0,0.46,0.0,18.0,58.94,8,8,30.3664563,30.2869833,Nissan,Almera,Partly Cloudy,True,False,False,False,False,False,False,True,False,True,False,False,False,False,True,False,False,False,False,False,False,False,True,False,False,True
3.41,5.308267697401205,10.27,14.516666666666667,21.0,29.342857142857145,0,1,1.0,0,19.571567672833496,2017,2017,0,13,13,22.0,0.8,286.0,22.0,58.94,8,8,30.4285168,30.4770327,Hyundai,Solaris,Mostly Cloudy,True,False,False,False,False,False,False,True,False,True,False,False,False,True,False,False,False,False,False,False,False,False,False,False,False,False
4.84,5.655991810819852,14.63,25.65,39.0,22.50769230769231,0,1,1.0,0,19.48051948051948,2017,2017,0,13,13,25.0,0.47,325.0,25.0,58.94,8,8,30.27981003,30.3664563,Kia,other,Partly Cloudy,True,False,False,False,False,False,False,True,False,True,False,False,False,True,False,False,False,False,False,False,False,False,False,False,False,False
1.72,4.6848128136402885,2.16,5.7,12.0,16.200000000000003,0,1,1.0,0,37.03703703703704,2017,2017,0,14,14,25.0,0.46,342.0,25.0,58.94,8,8,30.3048268,30.2808294,other,other,Partly Cloudy,True,False,False,False,False,False,False,True,False,True,False,False,False,True,False,False,False,False,False,False,False,False,False,False,False,False
2.04,4.795790545596741,2.24,5.7,12.0,12.21818181818182,0,1,1.0,0,53.57142857142857,2017,2017,0,14,14,25.0,0.61,342.0,25.0,58.94,8,8,30.27967247,30.30494112,other,other,Mostly Cloudy,True,False,False,False,False,False,False,True,False,True,False,False,False,True,False,False,False,False,False,False,False,False,False,False,False,False
5.09,5.707110264748875,14.24,26.483333333333334,31.0,27.561290322580643,0,1,1.0,0,21.06741573033708,2017,2017,0,19,19,23.0,0.53,342.0,23.0,58.94,8,8,30.3664563,30.2808294,other,other,Partly Cloudy,True,False,False,False,False,False,False,True,False,True,False,False,False,True,False,False,False,False,False,False,True,False,False,True,False,False
1.81,4.6848128136402885,3.78,9.15,12.0,18.9,0,1,1.0,0,28.306878306878307,2017,2017,0,13,13,20.0,0.55,260.0,20.0,59.07,8,8,30.4548105,30.3664563,Renault,Logan,Partly Cloudy,True,False,False,False,False,False,False,True,False,True,False,False,False,True,False,False,False,False,False,False,False,False,False,False,False,False
12.97,6.55250788703459,31.64,46.43333333333333,57.0,30.619354838709675,0,0,1.0,0,50.18963337547408,2017,2017,0,15,15,20.0,0.42,300.0,20.0,59.07,8,8,30.3664563,30.2808294,Mercedes-Benz,other,Partly Cloudy,True,False,False,False,True,False,False,False,False,True,False,False,False,True,False,False,False,False,False,False,False,False,False,False,False,False
12.97,6.55250788703459,28.86,46.43333333333333,55.0,31.483636363636364,0,1,1.0,0,27.442827442827443,2017,2017,0,19,19,18.0,0.38,342.0,18.0,59.07,8,8,30.2742717,30.3664563,Chevrolet,Cruze,Partly Cloudy,True,False,False,False,False,False,False,True,False,True,False,False,False,True,False,False,False,False,False,False,True,False,False,True,False,False
10.32,6.415096959171596,33.97,46.43333333333333,57.0,29.57391304347826,0,1,1.0,0,18.878504672897197,2017,2017,0,16,16,17.0,0.92,256.0,16.0,59.11,8,8,30.2743737,30.3664563,Volkswagen,Polo,Mostly Cloudy,True,False,False,False,False,False,False,True,False,True,False,False,False,True,False,False,False,False,False,False,False,False,False,False,False,False
11.0,6.450470422144176,33.97,46.43333333333333,57.0,34.92727272727273,0,1,1.0,0,18.878504672897197,2017,2017,0,13,13,19.0,0.78,247.0,19.0,57.48,9,9,30.3664563,30.2808294,Hyundai,Solaris,Breezy and Mostly Cloudy,True,False,False,False,False,False,False,True,False,True,False,False,False,False,False,False,False,True,False,False,False,False,False,False,False,False
2.79,5.087596335232384,6.41,20.133333333333333,26.0,14.792307692307691,0,1,1.0,0,25.117004680187208,2017,2017,0,11,11,13.0,0.61,143.0,13.0,57.77,9,9,30.4516783,30.3664563,other,other,Mostly Cloudy,True,False,False,False,False,False,False,True,False,True,False,False,False,True,False,False,False,False,False,False,False,True,False,False,True,False
3.51,5.318463072240994,8.53,20.583333333333332,36.0,14.216666666666667,0,1,1.0,0,23.806565064478313,2017,2017,0,12,12,14.0,0.35,168.0,14.0,57.77,9,9,30.3664563,30.4510067,Kia,Rio,Partly Cloudy,True,False,False,False,False,False,False,True,False,True,False,False,False,True,False,False,False,False,False,False,False,False,False,False,False,False
11.13,6.459904454377535,33.97,26.583333333333332,31.0,42.4875,0,1,1.0,0,18.878504672897197,2017,2017,0,8,8,14.0,0.95,112.0,14.0,57.33,9,9,30.3664563,30.2808294,Hyundai,Solaris,Overcast,True,False,False,False,False,False,False,True,False,True,False,True,False,False,False,False,False,False,False,False,False,True,False,False,True,False
3.8,5.3981627015177525,8.03,16.6,38.0,12.678947368421053,0,1,1.0,0,27.397260273972606,2017,2017,0,10,10,15.0,0.96,150.0,15.0,57.94,9,9,30.3664563,30.445153,Hyundai,Solaris,Foggy,True,False,False,False,False,False,False,True,False,True,False,False,True,False,False,False,False,False,False,False,False,True,False,False,True,False
3.79,5.389071729816501,5.15,10.95,24.0,12.875,0,1,1.0,0,42.33009708737864,2017,2017,0,10,10,12.0,0.75,120.0,12.0,57.53,9,9,30.4170858,30.3664563,Volkswagen,Polo,Mostly Cloudy,True,False,False,False,False,False,False,True,False,True,False,False,False,True,False,False,False,False,False,False,False,True,False,False,True,False
2.78,5.081404364984463,6.55,15.233333333333333,17.0,23.11764705882353,0,1,1.0,0,24.427480916030536,2017,2017,0,15,15,17.0,0.09,255.0,17.0,57.53,9,9,30.3664563,30.4170767,Hyundai,Solaris,Clear,True,False,False,False,False,False,False,True,False,True,False,False,False,False,False,False,False,False,False,False,False,False,False,False,False,False
3.58,5.332718793265369,8.58,20.35,32.0,16.087500000000002,0,1,1.0,0,24.009324009324008,2017,2017,0,17,17,15.0,0.13,255.0,15.0,57.53,9,9,30.36459215,30.3664563,Hyundai,Solaris,Clear,True,False,False,False,False,False,False,True,False,True,False,False,False,False,False,False,False,False,False,False,True,False,False,True,False,False
5.09,5.683579767338681,9.66,17.75,24.0,24.15,0,1,1.0,0,30.33126293995859,2017,2017,0,20,20,11.0,0.0,220.0,11.0,57.53,9,9,30.3664563,30.36449394,Mitsubishi,other,Clear,True,False,False,False,False,False,False,True,False,True,True,False,False,False,False,False,False,False,False,False,True,False,False,True,False,False
3.83,5.3981627015177525,8.06,15.9,30.0,16.12,0,1,1.0,0,27.295285359801486,2017,2017,0,14,14,3.0,0.6,56.0,4.0,57.48,10,10,30.3675473,30.3664563,Chevrolet,other,Mostly Cloudy,True,False,False,False,False,False,False,True,False,True,False,False,False,True,False,False,False,False,False,False,False,False,False,False,False,False
12.97,6.55250788703459,9.3,20.533333333333335,25.0,22.32,0,0,1.0,0,81.56596794081382,2017,2017,0,17,17,0.0,0.49,34.0,2.0,57.48,10,10,30.3664563,30.3677816,Mercedes-Benz,other,Partly Cloudy,False,False,False,False,False,False,False,False,False,True,False,False,False,True,False,False,False,False,False,False,True,False,False,True,False,False
3.62,5.3471075307174685,9.72,19.95,28.0,20.82857142857143,0,1,1.0,0,21.502057613168724,2017,2017,0,16,16,-6.0,0.82,-16.0,-1.0,57.75,10,10,30.356867,30.3664563,Renault,other,Mostly Cloudy,True,False,False,False,False,False,False,True,False,True,False,False,False,True,False,False,False,False,False,False,False,False,False,False,False,False
12.97,6.55250788703459,11.1,46.43333333333333,52.0,12.807692307692307,0,0,1.0,0,81.56596794081382,2017,2017,1,17,17,-5.0,0.58,-17.0,-1.0,57.75,10,10,30.3664563,30.3546778,other,other,Partly Cloudy,False,False,False,False,False,False,False,False,False,True,False,False,False,False,True,False,False,False,False,False,True,False,False,True,False,False
2.87,5.123963979403259,5.65,14.316666666666666,18.0,18.833333333333336,0,1,1.0,0,29.557522123893804,2017,2017,0,15,15,-4.0,0.2,0.0,0.0,58.24,11,11,30.446566,30.480314,other,other,Clear,True,False,False,False,False,False,False,True,False,True,False,False,False,False,False,False,False,False,False,False,False,False,False,False,False,False
3.35,5.278114659230517,8.11,18.583333333333332,29.0,16.779310344827586,0,1,1.0,0,24.04438964241677,2017,2017,0,17,17,-4.0,0.05,-17.0,-1.0,58.24,11,11,30.3664563,30.44609,Hyundai,other,Clear,True,False,False,False,False,False,False,True,False,True,True,False,False,False,False,False,False,False,False,False,True,False,False,True,False,False
2.74,5.093750200806762,6.68,19.183333333333334,26.0,15.415384615384614,0,1,1.0,0,24.251497005988025,2017,2017,0,12,12,1.0,0.99,60.0,5.0,59.19,11,11,30.451172,30.3664563,other,other,Overcast,True,False,False,False,False,False,False,True,False,True,False,True,False,False,False,False,False,False,False,False,False,False,False,False,False,False
4.48,5.583496308781699,8.93,23.35,31.0,17.283870967741933,0,1,1.0,0,29.675251959686452,2017,2017,0,13,13,1.0,1.0,65.0,5.0,59.19,11,11,30.3664563,30.451027,Skoda,Rapid,Overcast,True,False,False,False,False,False,False,True,False,True,False,True,False,False,False,False,False,False,False,False,False,False,False,False,False,False
9.78,6.3818160174060985,28.0,29.633333333333333,31.0,42.4875,0,0,1.0,0,21.071428571428573,2017,2017,0,15,15,-3.0,1.0,15.0,1.0,60.34,11,11,30.2742717,30.4677993,Skoda,Rapid,Overcast,False,False,True,False,False,False,False,False,False,True,False,True,False,False,False,False,False,False,False,False,False,False,False,False,False,False
12.97,6.55250788703459,33.97,46.43333333333333,56.0,42.4875,0,1,1.0,0,20.0655584172325,2017,2017,1,16,16,-3.0,0.83,16.0,1.0,60.34,11,11,30.4802683,30.2808294,Hyundai,other,Mostly Cloudy,True,False,False,False,False,False,False,True,False,True,False,False,False,False,True,False,False,False,False,False,False,False,False,False,False,False
5.23,5.746203190540153,8.11,32.5,41.0,11.868292682926828,0,1,1.0,0,38.47102342786683,2017,2017,0,7,7,-1.0,1.0,14.0,2.0,59.7,11,11,30.35561,30.3664563,Renault,Logan,Overcast,True,False,False,False,False,False,False,True,False,True,False,True,False,False,False,False,False,False,False,False,False,True,False,False,True,False
3.37,5.308267697401205,9.56,17.5,21.0,27.314285714285717,0,1,1.0,0,21.02510460251046,2017,2017,0,8,8,-1.0,0.98,16.0,2.0,59.7,11,11,30.3664563,30.372236,Nissan,Almera,Overcast,True,False,False,False,False,False,False,True,False,True,False,True,False,False,False,False,False,False,False,False,False,True,False,False,True,False
3.43,5.313205979041787,10.7,17.033333333333335,32.0,20.0625,0,1,1.0,0,18.878504672897197,2017,2017,0,12,12,1.0,0.91,60.0,5.0,58.96,11,11,30.398493,30.3664563,Chevrolet,Cruze,Mostly Cloudy,True,False,False,False,False,False,False,True,False,True,False,False,False,True,False,False,False,False,False,False,False,False,False,False,False,False
2.75,5.099866427824199,4.84,11.666666666666666,18.0,16.133333333333333,0,1,1.0,0,33.67768595041323,2017,2017,0,14,14,-1.0,0.93,14.0,1.0,59.17,11,11,30.402332,30.3664563,Volkswagen,Polo,Mostly Cloudy,True,False,False,False,False,False,False,True,False,True,False,False,False,True,False,False,False,False,False,False,False,False,False,False,False,False
1.91,4.736198448394496,4.02,8.516666666666667,12.0,20.099999999999998,0,1,1.0,0,28.10945273631841,2017,2017,0,16,16,-1.0,0.93,16.0,1.0,59.17,11,11,30.355066,30.403856,Hyundai,Solaris,Mostly Cloudy,True,False,False,False,False,False,False,True,False,True,False,False,False,True,False,False,False,False,False,False,False,False,False,False,False,False
3.62,5.3706380281276624,7.26,24.166666666666668,27.0,16.133333333333333,0,1,1.0,0,29.47658402203857,2017,2017,0,16,16,-1.0,0.94,16.0,1.0,59.17,11,11,30.295998,30.35458,Hyundai,Solaris,Overcast,True,False,False,False,False,False,False,True,False,True,False,True,False,False,False,False,False,False,False,False,False,False,False,False,False,False
4.26,5.521460917862246,11.28,23.316666666666666,33.0,20.509090909090908,0,1,1.0,0,22.074468085106385,2017,2017,0,12,12,-2.0,0.98,0.0,0.0,58.42,11,11,30.3664563,30.51185,Volkswagen,other,Overcast,True,False,False,False,False,False,False,True,False,True,False,True,False,False,False,False,False,False,False,False,False,False,False,False,False,False
1.95,4.74493212836325,3.77,10.233333333333333,17.0,13.305882352941177,0,1,1.0,0,30.23872679045093,2017,2017,0,11,11,-8.0,0.94,-33.0,-3.0,58.46,11,11,30.498343,30.48347,Ford,other,Overcast,True,False,False,False,False,False,False,True,False,True,False,True,False,False,False,False,False,False,False,False,False,True,False,False,True,False
3.83,5.41610040220442,9.16,24.216666666666665,27.0,20.355555555555554,0,1,1.0,0,24.45414847161572,2017,2017,0,12,12,-9.0,0.95,-48.0,-4.0,58.46,11,11,30.3664563,30.355698,other,other,Overcast,True,False,False,False,False,False,False,True,False,True,False,True,False,False,False,False,False,False,False,False,False,False,False,False,False,False
4.0,5.459585514144159,10.3,22.483333333333334,26.0,23.76923076923077,0,1,1.0,0,22.718446601941746,2017,2017,0,15,15,-10.0,0.92,-45.0,-3.0,58.46,11,11,30.337648,30.3664563,other,other,Mostly Cloudy,True,False,False,False,False,False,False,True,False,True,False,False,False,True,False,False,False,False,False,False,False,False,False,False,False,False
4.29,5.529429087511423,5.86,21.0,25.0,14.064,0,1,1.0,0,42.83276450511945,2017,2017,0,16,16,-10.0,0.94,-48.0,-3.0,58.46,11,11,30.3483709,30.338363,Hyundai,Solaris,Overcast,True,False,False,False,False,False,False,True,False,True,False,True,False,False,False,False,False,False,False,False,False,False,False,False,False,False
4.37,5.545177444479562,8.03,22.466666666666665,30.0,16.06,0,1,1.0,0,31.755915317559154,2017,2017,0,10,10,-4.0,1.0,10.0,1.0,58.39,11,11,30.369709,30.3664563,Nissan,Almera,Overcast,True,False,False,False,False,False,False,True,False,True,False,True,False,False,False,False,False,False,False,False,False,True,False,False,True,False
8.2,6.173786103901937,14.55,45.15,48.0,18.1875,0,1,1.0,0,32.92096219931271,2017,2017,0,18,18,-3.0,0.97,18.0,1.0,58.39,11,11,30.3664563,30.303526,Hyundai,Solaris,Overcast,True,False,False,False,False,False,False,True,False,True,False,True,False,False,False,False,False,False,False,False,True,False,False,True,False,False
10.4,6.411079078320566,32.67,26.833333333333332,34.0,42.4875,0,1,1.0,0,18.878504672897197,2017,2017,0,21,21,-2.0,0.99,42.0,2.0,58.39,11,11,30.2742717,30.3664563,Renault,Logan,Overcast,True,False,False,False,False,False,False,True,False,True,False,True,False,False,False,False,False,False,False,False,True,False,False,True,False,False
11.01,6.467698726104354,33.97,30.266666666666666,38.0,42.4875,0,1,1.0,0,18.889541715628674,2017,2017,0,21,21,-3.0,1.0,23.0,1.0,58.39,11,11,30.48029,30.2808294,Hyundai,Solaris,Overcast,True,False,False,False,False,False,False,True,False,True,False,True,False,False,False,False,False,False,False,False,False,False,True,False,False,True
11.61,6.520621127558696,33.97,26.1,31.0,42.4875,0,1,1.0,0,19.62373371924747,2017,2017,0,7,7,-3.0,0.97,0.0,1.0,58.39,11,11,30.4819787,30.2808294,Skoda,Rapid,Overcast,True,False,False,False,False,False,False,True,False,True,False,True,False,False,False,False,False,False,False,False,False,False,True,False,False,True
10.94,6.461468176353717,33.97,32.35,34.0,42.4875,0,1,1.0,0,18.878504672897197,2017,2017,0,7,7,-3.0,0.97,0.0,1.0,58.39,11,11,30.48029,30.2808294,other,other,Overcast,True,False,False,False,False,False,False,True,False,True,False,True,False,False,False,False,False,False,False,False,False,False,True,False,False,True
1.73,4.6848128136402885,1.79,5.7,12.0,9.381818181818183,0,1,1.0,0,58.72093023255814,2017,2017,0,12,12,-1.0,1.0,36.0,3.0,58.39,11,11,30.489315,30.4819017,Nissan,Almera,Overcast,True,False,False,False,False,False,False,True,False,True,False,True,False,False,False,False,False,False,False,False,False,False,False,False,False,False
1.88,4.709530201312334,1.79,5.7,15.0,6.852631578947369,0,0,1.0,0,69.62025316455696,2017,2017,0,14,14,-1.0,0.97,28.0,2.0,58.39,11,11,30.4640263,30.3664563,Hyundai,Solaris,Overcast,False,False,True,False,False,False,False,False,False,True,False,True,False,False,False,False,False,False,False,False,False,False,False,False,False,False
2.0,4.770684624465665,1.79,5.7,12.0,9.675,0,1,1.0,0,81.56596794081382,2017,2017,0,15,15,0.0,1.0,45.0,3.0,58.39,11,11,30.465298,30.3664563,Renault,other,Overcast,True,False,False,False,False,False,False,True,False,True,False,True,False,False,False,False,False,False,False,False,False,False,False,False,False,False
1.76,4.6848128136402885,1.79,7.1,21.0,6.852631578947369,0,1,1.0,0,71.0344827586207,2017,2017,0,15,15,0.0,1.0,45.0,3.0,58.39,11,11,30.4650783,30.3664563,Hyundai,Solaris,Overcast,True,False,False,False,False,False,False,True,False,True,False,True,False,False,False,False,False,False,False,False,False,False,False,False,False,False
1.72,4.6848128136402885,1.79,8.983333333333333,18.0,6.852631578947369,0,1,1.0,0,57.971014492753625,2017,2017,0,16,16,0.0,1.0,48.0,3.0,58.39,11,11,30.465298,30.3664563,Skoda,Rapid,Overcast,True,False,False,False,False,False,False,True,False,True,False,True,False,False,False,False,False,False,False,False,False,False,False,False,False,False
1.9,4.716890435598499,3.22,11.05,25.0,7.728,0,1,1.0,0,34.41614906832298,2017,2017,1,21,21,-1.0,0.88,42.0,2.0,58.39,11,11,30.3664563,30.4649678,Hyundai,other,Mostly Cloudy,True,False,False,False,False,False,False,True,False,True,False,False,False,False,True,False,False,False,False,False,True,False,False,True,False,False
2.38,4.941642422609304,1.88,5.7,18.0,6.852631578947369,0,1,1.0,0,73.93617021276596,2017,2017,1,21,21,-1.0,0.69,42.0,2.0,58.39,11,11,30.482185,30.465905,Volkswagen,Polo,Mostly Cloudy,True,False,False,False,False,False,False,True,False,True,False,False,False,False,True,False,False,False,False,False,True,False,False,True,False,False
7.19,6.04175358740115,13.44,20.683333333333334,26.0,31.015384615384612,0,1,1.0,0,31.222470238095237,2017,2017,1,21,21,-1.0,0.71,44.0,2.0,58.39,11,11,30.6361443,30.4677212,Hyundai,Solaris,Mostly Cloudy,True,False,False,False,False,False,False,True,False,True,False,False,False,False,True,False,False,False,False,False,False,False,True,False,False,True
12.97,6.55250788703459,21.6,31.583333333333332,38.0,34.10526315789474,0,1,1.0,0,35.05138888888889,2017,2017,0,10,10,-3.0,1.0,20.0,2.0,58.39,11,11,30.2742717,30.3664563,Hyundai,Solaris,Overcast,True,False,False,False,False,False,False,True,False,True,False,True,False,False,False,False,False,False,False,False,False,True,False,False,True,False
4.13,5.488937726156687,12.47,19.266666666666666,25.0,29.928,0,1,1.0,0,19.32638331996792,2017,2017,0,14,14,-1.0,1.0,42.0,3.0,58.39,11,11,30.518969,30.3664563,Renault,other,Overcast,True,False,False,False,False,False,False,True,False,True,False,True,False,False,False,False,False,False,False,False,False,False,False,False,False,False
4.38,5.54907608489522,13.99,18.616666666666667,57.0,14.472413793103449,0,1,1.0,0,18.878504672897197,2017,2017,0,19,19,-1.0,1.0,38.0,2.0,58.39,11,11,30.48029,30.511955,other,other,Overcast,True,False,False,False,False,False,False,True,False,True,False,True,False,False,False,False,False,False,False,False,True,False,False,True,False,False
5.92,5.849324779946859,20.55,23.933333333333334,35.0,35.22857142857143,0,1,1.0,0,18.878504672897197,2017,2017,0,11,11,-2.0,0.9,11.0,1.0,58.44,11,11,30.496159,30.3664563,Skoda,Rapid,Mostly Cloudy,True,False,False,False,False,False,False,True,False,True,False,False,False,True,False,False,False,False,False,False,False,True,False,False,True,False
4.21,5.5093883366279774,9.67,25.65,37.0,15.68108108108108,0,1,1.0,0,25.439503619441574,2017,2017,0,13,13,-2.0,0.99,13.0,1.0,58.44,11,11,30.36394,30.500029,Kia,other,Overcast,True,False,False,False,False,False,False,True,False,True,False,True,False,False,False,False,False,False,False,False,False,False,False,False,False,False
6.47,5.937536205082426,21.29,31.483333333333334,39.0,32.753846153846155,0,1,1.0,0,18.878504672897197,2017,2017,0,14,14,-2.0,0.99,28.0,2.0,58.44,11,11,30.3664563,30.496479,Ford,Focus,Overcast,True,False,False,False,False,False,False,True,False,True,False,True,False,False,False,False,False,False,False,False,False,False,False,False,False,False
4.83,5.645446897643238,9.7,23.966666666666665,36.0,16.166666666666668,0,1,1.0,0,29.07216494845361,2017,2017,0,15,15,-3.0,0.91,15.0,1.0,58.44,11,11,30.3664563,30.364134,Volkswagen,other,Mostly Cloudy,True,False,False,False,False,False,False,True,False,True,False,False,False,True,False,False,False,False,False,False,False,False,False,False,False,False
3.22,5.241747015059643,6.0,11.766666666666667,18.0,20.0,0,0,1.0,0,31.333333333333332,2017,2017,0,16,16,-3.0,0.97,16.0,1.0,58.44,11,11,30.4370752,30.3664563,Hyundai,Solaris,Overcast,False,False,True,False,False,False,False,False,False,True,False,True,False,False,False,False,False,False,False,False,False,False,False,False,False,False
11.33,6.4967749901858625,12.12,23.333333333333332,30.0,24.24,0,0,1.0,0,54.62046204620462,2017,2017,1,21,21,-3.0,0.79,21.0,1.0,58.44,11,11,30.341751,30.3664563,Mercedes-Benz,other,Mostly Cloudy,True,False,False,False,True,False,False,False,False,True,False,False,False,False,True,False,False,False,False,False,True,False,False,True,False,False
5.67,5.805134968916488,10.25,24.95,35.0,17.57142857142857,0,1,1.0,0,32.292682926829265,2017,2017,1,8,8,-3.0,0.9,8.0,1.0,58.33,11,11,30.342422,30.3664563,Nissan,other,Mostly Cloudy,True,False,False,False,False,False,False,True,False,True,False,False,False,False,True,False,False,False,False,False,False,True,False,False,True,False
2.97,5.159055299214529,5.87,21.116666666666667,27.0,13.044444444444444,0,1,1.0,0,29.471890971039183,2017,2017,0,10,10,-3.0,1.0,10.0,1.0,58.33,11,11,30.367563,30.342503,Volkswagen,Polo,Overcast,True,False,False,False,False,False,False,True,False,True,False,True,False,False,False,False,False,False,False,False,False,True,False,False,True,False
3.67,5.3706380281276624,8.29,26.133333333333333,35.0,14.211428571428568,0,1,1.0,0,25.81423401688782,2017,2017,0,10,10,-3.0,1.0,10.0,1.0,58.33,11,11,30.367628,30.3664563,Skoda,Rapid,Overcast,True,False,False,False,False,False,False,True,False,True,False,True,False,False,False,False,False,False,False,False,False,True,False,False,True,False
4.01,5.459585514144159,8.82,24.166666666666668,26.0,20.353846153846153,0,1,1.0,0,26.53061224489796,2017,2017,0,11,11,-2.0,0.99,11.0,1.0,58.33,11,11,30.3664563,30.36832,Skoda,Rapid,Overcast,True,False,False,False,False,False,False,True,False,True,False,True,False,False,False,False,False,False,False,False,False,True,False,False,True,False
5.81,5.8289456176102075,14.58,46.43333333333333,51.0,17.152941176470588,0,1,1.0,0,23.25102880658436,2017,2017,0,14,14,-2.0,0.99,14.0,1.0,58.38,11,11,30.306103,30.3664563,Volkswagen,Polo,Overcast,True,False,False,False,False,False,False,True,False,True,False,True,False,False,False,False,False,False,False,False,False,False,False,False,False,False
6.3,5.910796644040527,14.66,46.43333333333333,57.0,15.16551724137931,0,1,1.0,0,25.10231923601637,2017,2017,1,16,16,-3.0,0.9,16.0,1.0,58.38,11,11,30.3664563,30.305311,Chevrolet,Lacetti,Mostly Cloudy,True,False,False,False,False,False,False,True,False,True,False,False,False,False,True,False,False,False,False,False,False,False,False,False,False,False
8.99,6.26530121273771,16.63,46.43333333333333,57.0,15.118181818181816,0,0,1.0,0,31.569452796151534,2017,2017,1,18,18,-5.0,0.88,0.0,0.0,58.38,11,11,30.3664563,30.2840763,Hyundai,Solaris,Mostly Cloudy,False,False,True,False,False,False,False,False,False,True,False,False,False,False,True,False,False,False,False,False,True,False,False,True,False,False
8.03,6.152732694704104,18.2,46.43333333333333,57.0,14.958904109589042,0,1,1.0,0,25.76923076923077,2017,2017,1,18,18,-5.0,0.88,0.0,0.0,58.38,11,11,30.3664563,30.286467,other,other,Mostly Cloudy,True,False,False,False,False,False,False,True,False,True,False,False,False,False,True,False,False,False,False,False,True,False,False,True,False,False
3.36,5.2832037287379885,5.29,13.25,17.0,18.67058823529412,0,0,1.0,0,37.051039697542535,2017,2017,0,10,10,-3.0,0.91,10.0,1.0,58.36,11,11,30.4021525,30.3664563,Hyundai,Solaris,Mostly Cloudy,False,False,True,False,False,False,False,False,False,True,False,False,False,True,False,False,False,False,False,False,False,True,False,False,True,False
2.04,4.787491742782046,2.77,6.65,12.0,13.85,0,1,1.0,0,42.96028880866426,2017,2017,0,12,12,-3.0,0.99,12.0,1.0,58.36,11,11,30.48029,30.4329,Kia,other,Overcast,True,False,False,False,False,False,False,True,False,True,False,True,False,False,False,False,False,False,False,False,False,False,False,False,False,False
10.98,6.466144724237619,33.15,29.533333333333335,39.0,42.4875,0,1,1.0,0,19.366515837104075,2017,2017,0,13,13,-6.0,0.91,-13.0,-1.0,58.46,11,11,30.2742717,30.3664563,Chevrolet,Lacetti,Mostly Cloudy,True,False,False,False,False,False,False,True,False,True,False,False,False,True,False,False,False,False,False,False,False,False,False,False,False,False
2.95,5.1647859739235145,3.77,11.35,22.0,10.281818181818183,0,1,1.0,0,46.15384615384615,2017,2017,0,12,12,-5.0,1.0,0.0,0.0,58.89,12,12,30.402166,30.356644,Hyundai,Solaris,Foggy,True,False,False,False,False,False,False,True,False,True,False,False,True,False,False,False,False,False,False,False,False,False,False,False,False,False
11.12,6.486160788944089,11.1,19.216666666666665,25.0,26.639999999999997,0,0,1.0,0,59.00900900900901,2017,2017,1,7,7,1.0,0.87,1.0,1.0,58.89,12,12,30.3664563,30.359083,other,other,Mostly Cloudy,True,False,False,False,True,False,False,False,False,True,False,False,False,False,True,False,False,False,False,False,False,False,True,False,False,True
7.39,6.077642243349034,12.65,24.766666666666666,29.0,26.17241379310345,0,1,1.0,0,34.387351778656125,2017,2017,0,10,10,-3.0,0.78,0.0,0.0,58.89,12,12,30.357355,30.3664563,Renault,Logan,Mostly Cloudy,True,False,False,False,False,False,False,True,False,True,False,False,False,True,False,False,False,False,False,False,False,True,False,False,True,False
5.77,5.831882477283517,10.93,27.333333333333332,38.0,17.257894736842104,0,1,1.0,0,31.10704483074108,2017,2017,1,17,17,-3.0,0.91,17.0,1.0,58.89,12,12,30.3664563,30.357492,Renault,other,Mostly Cloudy,True,False,False,False,False,False,False,True,False,True,False,False,False,False,True,False,False,False,False,False,True,False,False,True,False,False
2.67,5.062595033026967,5.5,19.85,27.0,12.222222222222221,0,1,1.0,0,28.545454545454547,2017,2017,1,9,9,-4.0,0.9,-9.0,-1.0,58.81,12,12,30.402166,30.475937,Renault,other,Mostly Cloudy,True,False,False,False,False,False,False,True,False,True,False,False,False,False,True,False,False,False,False,False,False,True,False,False,True,False
2.64,5.049856007249537,3.32,9.883333333333333,24.0,8.299999999999999,0,1,1.0,0,46.68674698795181,2017,2017,1,19,19,-3.0,0.91,0.0,0.0,58.81,12,12,30.41786,30.402246,Kia,other,Mostly Cloudy,True,False,False,False,False,False,False,True,False,True,False,False,False,False,True,False,False,False,False,False,True,False,False,True,False,False
3.4,5.303304908059076,5.15,11.716666666666667,22.0,14.045454545454547,0,1,1.0,0,38.83495145631068,2017,2017,0,10,10,-6.0,0.98,-10.0,-1.0,58.8,12,12,30.402166,30.480692,other,other,Overcast,True,False,False,False,False,False,False,True,False,True,False,True,False,False,False,False,False,False,False,False,False,True,False,False,True,False
2.99,5.176149732573829,6.0,8.2,12.0,30.0,0,0,1.0,0,29.333333333333332,2017,2017,1,21,21,-3.0,0.85,-21.0,-1.0,58.8,12,12,30.3664563,30.4064133,Kia,Rio,Mostly Cloudy,False,False,True,False,False,False,False,False,False,True,False,False,False,False,True,False,False,False,False,False,True,False,False,True,False,False
3.07,5.209486152841421,7.16,18.983333333333334,25.0,17.184,0,1,1.0,0,25.41899441340782,2017,2017,1,20,20,-9.0,0.91,-80.0,-4.0,59.23,12,12,30.3664563,30.402653,Chevrolet,other,Mostly Cloudy,True,False,False,False,False,False,False,True,False,True,False,False,False,False,True,False,False,False,False,False,True,False,False,True,False,False
4.69,5.627621113690637,7.85,20.833333333333332,24.0,19.624999999999996,0,1,1.0,0,35.28662420382166,2017,2017,0,19,19,-4.0,1.0,19.0,1.0,59.06,12,12,30.34203,30.402653,other,other,Overcast,True,False,False,False,False,False,False,True,False,True,False,True,False,False,False,False,False,False,False,False,True,False,False,True,False,False
12.97,6.55250788703459,33.04,39.6,47.0,42.178723404255315,0,1,1.0,0,23.668280871670703,2017,2017,0,9,9,-2.0,1.0,18.0,2.0,59.06,12,12,30.2742717,30.3664563,Hyundai,Solaris,Overcast,True,False,False,False,False,False,False,True,False,True,False,True,False,False,False,False,False,False,False,False,False,True,False,False,True,False
5.93,5.860786223465865,16.54,33.68333333333333,49.0,20.253061224489795,0,1,1.0,0,21.16082224909311,2017,2017,0,12,12,-2.0,0.98,24.0,2.0,59.06,12,12,30.402166,30.337854,Nissan,Almera,Overcast,True,False,False,False,False,False,False,True,False,True,False,True,False,False,False,False,False,False,False,False,False,False,False,False,False,False
3.0,5.181783550292085,6.58,16.783333333333335,26.0,15.184615384615384,0,1,1.0,0,26.89969604863222,2017,2017,0,13,13,-2.0,1.0,26.0,2.0,59.06,12,12,30.3664563,30.402386,Kia,other,Overcast,True,False,False,False,False,False,False,True,False,True,False,True,False,False,False,False,False,False,False,False,False,False,False,False,False,False
4.72,5.634789603169249,10.56,27.033333333333335,40.0,15.840000000000002,0,1,1.0,0,26.420454545454543,2017,2017,0,14,14,-3.0,0.92,14.0,1.0,59.06,12,12,30.341972,30.3664563,Volkswagen,Polo,Mostly Cloudy,True,False,False,False,False,False,False,True,False,True,False,False,False,True,False,False,False,False,False,False,False,False,False,False,False,False
5.93,5.860786223465865,11.67,31.566666666666666,40.0,17.505000000000003,0,1,1.0,0,29.991431019708656,2017,2017,0,15,15,-3.0,0.99,15.0,1.0,59.06,12,12,30.48029,30.34203,Renault,Logan,Overcast,True,False,False,False,False,False,False,True,False,True,False,True,False,False,False,False,False,False,False,False,False,False,False,False,False,False
2.68,5.0689042022202315,4.86,12.183333333333334,16.0,18.225,0,1,1.0,0,32.51028806584362,2017,2017,0,10,10,-3.0,1.0,-10.0,-1.0,58.95,12,12,30.402166,30.3664563,Skoda,Rapid,Overcast,True,False,False,False,False,False,False,True,False,True,False,True,False,False,False,False,False,False,False,False,False,True,False,False,True,False
5.7,5.820082930352362,14.1,39.516666666666666,52.0,16.269230769230766,0,1,1.0,0,23.829787234042552,2017,2017,0,11,11,-3.0,1.0,-11.0,-1.0,58.95,12,12,30.284105,30.3664563,Renault,Logan,Overcast,True,False,False,False,False,False,False,True,False,True,False,True,False,False,False,False,False,False,False,False,False,True,False,False,True,False
6.26,5.91350300563827,16.7,40.8,52.0,19.269230769230766,0,1,1.0,0,22.095808383233535,2017,2017,0,13,13,-4.0,0.86,-13.0,-1.0,58.95,12,12,30.3664563,30.28412,Hyundai,other,Mostly Cloudy,True,False,False,False,False,False,False,True,False,True,False,False,False,True,False,False,False,False,False,False,False,False,False,False,False,False
2.51,5.003946305945459,4.55,9.883333333333333,15.0,18.2,0,1,1.0,0,32.527472527472526,2017,2017,1,20,20,-2.0,0.9,-40.0,-2.0,58.95,12,12,30.3664563,30.409592,Hyundai,Solaris,Mostly Cloudy,True,False,False,False,False,False,False,True,False,True,False,False,False,False,True,False,False,False,False,False,True,False,False,True,False,False
3.56,5.356586274672012,5.63,15.466666666666667,25.0,13.511999999999999,0,1,1.0,0,37.47779751332149,2017,2017,0,10,10,-8.0,1.0,-20.0,-2.0,59.22,12,12,30.402166,30.3664563,Hyundai,Solaris,Overcast,True,False,False,False,False,False,False,True,False,True,False,True,False,False,False,False,False,False,False,False,False,True,False,False,True,False
2.8,5.117993812416755,6.79,15.1,23.0,17.713043478260868,0,1,1.0,0,24.447717231222384,2017,2017,0,21,21,-4.0,1.0,21.0,1.0,59.22,12,12,30.3664563,30.402653,Nissan,Almera,Overcast,True,False,False,False,False,False,False,True,False,True,False,True,False,False,False,False,False,False,True,False,True,False,False,True,False,False
2.53,5.003946305945459,5.41,17.9,24.0,13.525,0,1,1.0,0,27.356746765249536,2017,2017,0,11,11,-5.0,0.88,11.0,1.0,58.55,12,12,30.402166,30.3664563,Chevrolet,Lacetti,Mostly Cloudy,True,False,False,False,False,False,False,True,False,True,False,False,False,True,False,False,False,False,False,False,False,True,False,False,True,False
3.26,5.2574953720277815,4.76,18.65,26.0,10.984615384615383,0,1,1.0,0,40.12605042016807,2017,2017,1,19,19,-6.0,0.55,-19.0,-1.0,58.55,12,12,30.3664563,30.402653,Nissan,other,Partly Cloudy,True,False,False,False,False,False,False,True,False,True,False,False,False,False,True,False,False,False,False,False,True,False,False,True,False,False
3.08,5.204006687076795,4.8,16.1,26.0,11.076923076923077,0,1,1.0,0,37.708333333333336,2017,2017,0,10,10,-5.0,0.75,-10.0,-1.0,58.85,12,12,30.402166,30.3664563,Hyundai,Solaris,Mostly Cloudy,True,False,False,False,False,False,False,True,False,True,False,False,False,True,False,False,False,False,False,False,False,True,False,False,True,False
3.14,5.225907951029896,7.05,20.5,28.0,15.107142857142856,0,1,1.0,0,26.245390070921985,2017,2017,1,20,20,-6.0,0.78,-20.0,-1.0,58.85,12,12,30.348755,30.402485,Mitsubishi,other,Mostly Cloudy,True,False,False,False,False,False,False,True,False,True,False,False,False,False,True,False,False,False,False,False,True,False,False,True,False,False
4.89,5.666426688112432,10.43,23.566666666666666,26.0,24.069230769230767,0,1,1.0,0,27.612655800575265,2017,2017,1,21,21,-6.0,0.76,-21.0,-1.0,58.85,12,12,30.3664563,30.358969,Kia,Rio,Mostly Cloudy,True,False,False,False,False,False,False,True,False,True,False,False,False,False,True,False,False,False,False,False,True,False,False,True,False,False
3.48,5.327876168789581,5.44,18.933333333333334,30.0,10.88,0,1,1.0,0,37.68382352941176,2017,2017,0,10,10,-5.0,1.0,-10.0,-1.0,58.84,12,12,30.402166,30.3664563,Kia,Rio,Overcast,True,False,False,False,False,False,False,True,False,True,False,True,False,False,False,False,False,False,False,False,False,True,False,False,True,False
3.72,5.393627546352362,4.99,14.083333333333334,21.0,14.257142857142858,0,1,1.0,0,43.8877755511022,2017,2017,0,19,19,-2.0,1.0,38.0,2.0,58.84,12,12,30.474258,30.409523,Hyundai,Solaris,Overcast,True,False,False,False,False,False,False,True,False,True,False,True,False,False,False,False,False,False,False,False,True,False,False,True,False,False
1.8,4.6848128136402885,2.19,5.7,12.0,13.14,0,1,1.0,0,48.401826484018265,2017,2017,0,20,20,-2.0,0.99,40.0,2.0,58.84,12,12,30.48029,30.478313,Renault,other,Overcast,True,False,False,False,False,False,False,True,False,True,False,True,False,False,False,False,False,False,True,False,True,False,False,True,False,False
4.54,5.5909869805108565,7.85,18.333333333333332,24.0,19.624999999999996,0,1,1.0,0,34.01273885350319,2017,2017,0,11,11,-3.0,1.0,0.0,0.0,58.84,12,12,30.3664563,30.445948,Renault,Logan,Overcast,True,False,False,False,False,False,False,True,False,True,False,True,False,False,False,False,False,False,False,False,False,True,False,False,True,False
4.79,5.644421637261052,9.66,26.65,39.0,14.861538461538462,0,1,1.0,0,29.162525879917183,2017,2017,0,14,14,-2.0,0.97,0.0,0.0,58.84,12,12,30.355066,30.3664563,other,other,Overcast,True,False,False,False,False,False,False,True,False,True,False,True,False,False,False,False,False,False,False,False,False,False,False,False,False,False
8.43,6.206575926724928,7.69,19.983333333333334,36.0,12.816666666666668,0,0,1.0,0,64.36931079323797,2017,2017,0,11,11,-4.0,0.78,0.0,0.0,58.68,12,12,30.40226,30.45567,other,other,Mostly Cloudy,True,False,False,False,True,False,False,False,False,True,False,False,False,True,False,False,False,False,False,False,False,True,False,False,True,False
3.25,5.2574953720277815,8.03,17.433333333333334,25.0,19.272,0,1,1.0,0,23.785803237858033,2017,2017,1,20,20,-4.0,0.8,0.0,0.0,58.68,12,12,30.358921,30.402653,Kia,other,Mostly Cloudy,True,False,False,False,False,False,False,True,False,True,False,False,False,False,True,False,False,False,False,False,True,False,False,True,False,False
5.81,5.834810737062605,10.98,18.766666666666666,26.0,25.338461538461537,0,1,1.0,0,31.05646630236794,2017,2017,0,21,21,-4.0,0.95,0.0,0.0,58.68,12,12,30.3664563,30.359983,Ford,Focus,Overcast,True,False,False,False,False,False,False,True,False,True,False,True,False,False,False,False,False,False,False,False,True,False,False,True,False,False
3.05,5.19295685089021,5.79,31.666666666666668,43.0,8.07906976744186,0,1,1.0,0,30.9153713298791,2017,2017,0,10,10,-4.0,0.98,-20.0,-2.0,58.78,12,12,30.40226,30.3664563,Hyundai,other,Overcast,True,False,False,False,False,False,False,True,False,True,False,True,False,False,False,False,False,False,False,False,False,True,False,False,True,False
2.38,4.948759890378168,5.01,15.8,32.0,9.393749999999999,0,1,1.0,0,27.94411177644711,2017,2017,0,15,15,-2.0,0.93,-30.0,-2.0,58.78,12,12,30.436192,30.3664563,Chevrolet,other,Mostly Cloudy,True,False,False,False,False,False,False,True,False,True,False,False,False,True,False,False,False,False,False,False,False,False,False,False,False,False
4.22,5.517452896464707,5.47,26.683333333333334,42.0,7.814285714285714,0,1,1.0,0,45.3382084095064,2017,2017,0,17,17,-3.0,0.97,-51.0,-3.0,58.78,12,12,30.3664563,30.43666,Volkswagen,other,Overcast,True,False,False,False,False,False,False,True,False,True,False,True,False,False,False,False,False,False,False,False,True,False,False,True,False,False
3.95,5.4510384535657,9.54,25.633333333333333,47.0,12.178723404255319,0,1,1.0,0,24.318658280922435,2017,2017,0,13,13,-7.0,1.0,-26.0,-2.0,58.73,12,12,30.342422,30.3664563,Kia,Rio,Overcast,True,False,False,False,False,False,False,True,False,True,False,True,False,False,False,False,False,False,False,False,False,False,False,False,False,False
6.98,6.018593214496234,10.91,28.366666666666667,42.0,15.585714285714287,0,1,1.0,0,37.58020164986251,2017,2017,0,15,15,-7.0,0.99,-45.0,-3.0,58.73,12,12,30.3664563,30.342606,Mitsubishi,other,Overcast,True,False,False,False,False,False,False,True,False,True,False,True,False,False,False,False,False,False,False,False,False,False,False,False,False,False
3.18,5.236441962829949,6.2,15.683333333333334,24.0,15.5,0,1,1.0,0,30.161290322580644,2017,2017,0,20,20,-9.0,0.99,-60.0,-3.0,58.73,12,12,30.3664563,30.40239,other,other,Overcast,True,False,False,False,False,False,False,True,False,True,False,True,False,False,False,False,False,False,False,False,True,False,False,True,False,False
3.78,5.402677381872279,5.18,23.033333333333335,34.0,9.141176470588235,0,1,1.0,0,42.664092664092664,2017,2017,0,10,10,-6.0,1.0,-10.0,-1.0,58.45,12,12,30.40226,30.3664563,Renault,other,Foggy,True,False,False,False,False,False,False,True,False,True,False,False,True,False,False,False,False,False,False,False,False,True,False,False,True,False
12.97,6.55250788703459,30.98,46.43333333333333,57.0,22.395180722891567,0,0,1.0,0,44.22207876049064,2017,2017,0,18,18,-5.0,1.0,-36.0,-2.0,58.45,12,12,30.446896,30.40226,Mercedes-Benz,other,Overcast,True,False,False,False,True,False,False,False,False,True,False,True,False,False,False,False,False,False,False,False,True,False,False,True,False,False
11.27,6.489554414321968,32.51,46.43333333333333,57.0,25.33246753246753,0,1,1.0,0,20.21624115656721,2017,2017,0,21,21,-3.0,0.99,0.0,0.0,58.32,12,12,30.40226,30.447567,Renault,Logan,Overcast,True,False,False,False,False,False,False,True,False,True,False,True,False,False,False,False,False,False,False,False,False,False,True,False,False,True
3.86,5.420534999272286,5.7,11.433333333333334,19.0,18.0,0,1,1.0,0,39.473684210526315,2017,2017,0,7,7,-4.0,1.0,0.0,0.0,58.32,12,12,30.3664563,30.40226,Kia,other,Overcast,True,False,False,False,False,False,False,True,False,True,False,True,False,False,False,False,False,False,False,False,False,False,True,False,False,True
4.87,5.652489180268651,7.79,17.733333333333334,26.0,17.976923076923075,0,1,1.0,0,36.45699614890886,2017,2017,0,11,11,-9.0,0.92,-22.0,-2.0,58.34,12,12,30.3664563,30.40226,Nissan,other,Mostly Cloudy,True,False,False,False,False,False,False,True,False,True,False,False,False,True,False,False,False,False,False,False,False,True,False,False,True,False
4.8,5.638354669333745,9.11,23.05,32.0,17.08125,0,1,1.0,0,30.73545554335895,2017,2017,0,14,14,-9.0,0.98,-28.0,-2.0,58.34,12,12,30.40226,30.360447,Volkswagen,other,Breezy and Overcast,True,False,False,False,False,False,False,True,False,True,False,False,False,False,False,False,False,True,False,False,False,False,False,False,False,False
3.5,5.3230099791384085,6.2,16.233333333333334,23.0,16.17391304347826,0,1,1.0,0,32.90322580645161,2017,2017,0,15,15,-9.0,0.98,-30.0,-2.0,58.34,12,12,30.3664563,30.40226,other,other,Overcast,True,False,False,False,False,False,False,True,False,True,False,True,False,False,False,False,False,False,False,False,False,False,False,False,False,False
3.43,5.298317366548036,5.66,12.466666666666667,20.0,16.98,0,1,1.0,0,35.159010600706715,2017,2017,1,21,21,-7.0,0.92,-63.0,-3.0,58.07,12,12,30.3664563,30.409468,Ford,Focus,Mostly Cloudy,True,False,False,False,False,False,False,True,False,True,False,False,False,False,True,False,False,False,False,False,True,False,False,True,False,False
3.54,5.3230099791384085,5.62,18.116666666666667,24.0,14.049999999999999,0,1,1.0,0,36.29893238434163,2017,2017,0,11,11,-3.0,0.91,22.0,2.0,57.67,12,12,30.40226,30.357784,Chevrolet,Cruze,Mostly Cloudy,True,False,False,False,False,False,False,True,False,True,False,False,False,True,False,False,False,False,False,False,False,True,False,False,True,False
4.04,5.455321115357702,6.52,15.2,24.0,16.299999999999997,0,1,1.0,0,35.736196319018404,2017,2017,0,21,21,-2.0,1.0,0.0,0.0,57.67,12,12,30.3664563,30.40226,other,other,Overcast,True,False,False,False,False,False,False,True,False,True,False,True,False,False,False,False,False,False,False,False,True,False,False,True,False,False
3.29,5.25227342804663,5.81,16.283333333333335,27.0,12.91111111111111,0,1,1.0,0,32.70223752151463,2017,2017,0,10,10,-2.0,0.93,20.0,2.0,57.73,12,12,30.40226,30.3664563,Nissan,Almera,Mostly Cloudy,True,False,False,False,False,False,False,True,False,True,False,False,False,True,False,False,False,False,False,False,False,True,False,False,True,False
3.46,5.298317366548036,3.54,14.416666666666666,18.0,11.8,0,1,1.0,0,56.21468926553672,2017,2017,0,14,14,-2.0,1.0,28.0,2.0,57.56,12,12,30.40226,30.394188,other,other,Overcast,True,False,False,False,False,False,False,True,False,True,False,True,False,False,False,False,False,False,False,False,False,False,False,False,False,False
4.27,5.5093883366279774,8.77,25.383333333333333,39.0,13.49230769230769,0,1,1.0,0,28.050171037628278,2017,2017,0,16,16,-2.0,0.94,32.0,2.0,57.68,12,12,30.359688,30.3664563,Chevrolet,Lacetti,Overcast,True,False,False,False,False,False,False,True,False,True,False,True,False,False,False,False,False,False,False,False,False,False,False,False,False,False
5.77,5.811140992976701,10.04,23.733333333333334,32.0,18.825,0,1,1.0,0,33.16733067729084,2017,2017,1,18,18,-1.0,0.9,18.0,1.0,57.68,12,12,30.3664563,30.360937,other,other,Mostly Cloudy,True,False,False,False,False,False,False,True,False,True,False,False,False,False,True,False,False,False,False,False,True,False,False,True,False,False
5.82,5.808142489980444,10.7,13.55,20.0,32.1,0,1,1.0,0,31.028037383177573,2018,2018,0,10,10,-3.0,1.0,10.0,1.0,57.01,1,1,30.398493,30.3664563,Hyundai,Solaris,Overcast,True,False,False,False,False,False,False,True,False,True,False,True,False,False,False,False,False,False,False,False,False,True,False,False,True,False
3.4,5.272999558563747,8.01,14.25,16.0,30.037499999999998,0,1,1.0,0,24.21972534332085,2018,2018,0,11,11,-2.0,1.0,11.0,1.0,57.01,1,1,30.40226,30.398243,Renault,other,Overcast,True,False,False,False,False,False,False,True,False,True,False,True,False,False,False,False,False,False,False,False,False,True,False,False,True,False
1.72,4.6848128136402885,2.69,5.7,12.0,16.14,0,1,1.0,0,34.94423791821561,2018,2018,0,12,12,-1.0,1.0,36.0,3.0,56.97,1,1,30.381903,30.414501,other,other,Overcast,True,False,False,False,False,False,False,True,False,True,False,True,False,False,False,False,False,False,False,False,False,False,False,False,False,False
8.11,6.137727054086234,15.76,24.583333333333332,34.0,27.811764705882354,0,1,1.0,0,29.314720812182742,2018,2018,0,15,15,0.0,1.0,45.0,3.0,56.97,1,1,30.381903,30.2808294,Volkswagen,Polo,Overcast,True,False,False,False,False,False,False,True,False,True,False,True,False,False,False,False,False,False,True,False,False,False,False,False,False,False
7.34,6.037870919922137,16.0,24.683333333333334,29.0,33.10344827586207,0,1,1.0,0,26.125,2018,2018,0,17,17,-1.0,1.0,51.0,3.0,56.97,1,1,30.2742717,30.382002,Hyundai,Solaris,Overcast,True,False,False,False,False,False,False,True,False,True,False,True,False,False,False,False,False,False,False,False,True,False,False,True,False,False
3.76,5.3706380281276624,9.51,19.0,22.0,25.936363636363637,0,1,1.0,0,22.50262881177708,2018,2018,0,18,18,-2.0,1.0,54.0,3.0,56.97,1,1,30.3664563,30.382002,Mitsubishi,other,Overcast,True,False,False,False,False,False,False,True,False,True,False,True,False,False,False,False,False,False,False,False,True,False,False,True,False,False
4.11,5.459585514144159,12.92,18.55,26.0,29.815384615384612,0,1,1.0,0,18.878504672897197,2018,2018,0,16,16,-9.0,0.64,-32.0,-2.0,56.95,1,1,30.518997,30.3664563,Chevrolet,other,Breezy and Mostly Cloudy,True,False,False,False,False,False,False,True,False,True,False,False,False,False,False,False,False,True,False,False,False,False,False,False,False,False
2.69,5.0369526024136295,6.49,13.766666666666667,30.0,12.98,0,1,1.0,0,23.57473035439137,2018,2018,1,18,18,-7.0,0.45,-36.0,-2.0,56.95,1,1,30.444849,30.515408,Hyundai,Solaris,Partly Cloudy,True,False,False,False,False,False,False,True,False,True,False,False,False,False,True,False,False,False,False,False,True,False,False,True,False,False
4.13,5.4638318050256105,7.93,17.883333333333333,25.0,19.032,0,1,1.0,0,29.634300126103405,2018,2018,1,18,18,-7.0,0.42,-36.0,-2.0,56.95,1,1,30.3664563,30.445618,Skoda,Rapid,Partly Cloudy,True,False,False,False,False,False,False,True,False,True,False,False,False,False,True,False,False,False,False,False,True,False,False,True,False,False
1.84,4.6848128136402885,3.59,8.0,18.0,11.966666666666667,0,1,1.0,0,29.247910863509752,2018,2018,0,10,10,-6.0,0.92,-20.0,-2.0,56.97,1,1,30.40226,30.39436,Kia,Rio,Mostly Cloudy,True,False,False,False,False,False,False,True,False,True,False,False,False,True,False,False,False,False,False,False,False,True,False,False,True,False
3.14,5.19295685089021,7.29,23.95,31.0,14.109677419354837,0,1,1.0,0,24.55418381344307,2018,2018,0,9,9,-3.0,1.0,-9.0,-1.0,57.05,1,1,30.394056,30.3664563,Chevrolet,Cruze,Overcast,True,False,False,False,False,False,False,True,False,True,False,True,False,False,False,False,False,False,False,False,False,True,False,False,True,False
2.1,4.795790545596741,3.64,9.566666666666666,17.0,12.847058823529412,0,1,1.0,0,32.967032967032964,2018,2018,0,9,9,-4.0,1.0,0.0,0.0,57.05,1,1,30.40226,30.394337,Kia,Rio,Overcast,True,False,False,False,False,False,False,True,False,True,False,True,False,False,False,False,False,False,False,False,False,True,False,False,True,False
2.65,5.0238805208462765,5.97,15.083333333333334,21.0,17.057142857142857,0,1,1.0,0,25.293132328308207,2018,2018,0,20,20,-6.0,1.0,-20.0,-1.0,57.05,1,1,30.3664563,30.407852,Volkswagen,Polo,Overcast,True,False,False,False,False,False,False,True,False,True,False,True,False,False,False,False,False,False,False,False,True,False,False,True,False,False
2.6,4.997212273764115,5.87,14.816666666666666,22.0,16.00909090909091,0,1,1.0,0,25.04258943781942,2018,2018,0,10,10,-7.0,1.0,-20.0,-2.0,56.54,1,1,30.40226,30.3664563,Hyundai,other,Overcast,True,False,False,False,False,False,False,True,False,True,False,True,False,False,False,False,False,False,False,False,False,True,False,False,True,False
4.54,5.552959584921617,7.37,26.733333333333334,43.0,10.283720930232558,0,1,1.0,0,34.871099050203526,2018,2018,0,7,7,-6.0,0.95,-42.0,-6.0,56.62,1,1,30.394056,30.3664563,Hyundai,Solaris,Overcast,True,False,False,False,False,False,False,True,False,True,False,True,False,False,False,False,False,False,False,False,False,True,False,False,True,False
2.01,4.74493212836325,3.65,9.95,12.0,19.90909090909091,0,1,1.0,0,31.232876712328768,2018,2018,0,8,8,-5.0,0.98,-40.0,-5.0,56.62,1,1,30.40226,30.394585,other,other,Overcast,True,False,False,False,False,False,False,True,False,True,False,True,False,False,False,False,False,False,False,False,False,True,False,False,True,False
3.66,5.337538079701318,4.8,10.133333333333333,18.0,16.0,0,1,1.0,0,43.125,2018,2018,0,18,18,-6.0,0.9,-108.0,-6.0,56.62,1,1,30.394056,30.407623,Renault,Logan,Mostly Cloudy,True,False,False,False,False,False,False,True,False,True,False,True,False,False,False,False,False,False,False,False,True,False,False,True,False,False
2.76,5.056245805348308,6.84,18.966666666666665,24.0,17.099999999999998,0,1,1.0,0,22.80701754385965,2018,2018,0,12,12,-5.0,0.99,-60.0,-5.0,56.62,1,1,30.40226,30.483557,Volkswagen,other,Overcast,True,False,False,False,False,False,False,True,False,True,False,True,False,False,False,False,False,False,False,False,False,False,False,False,False,False
2.4,4.919980925828125,5.87,13.666666666666666,23.0,15.31304347826087,0,1,1.0,0,23.168654173764907,2018,2018,0,19,19,-9.0,1.0,-95.0,-5.0,56.62,1,1,30.379465,30.40226,Renault,other,Overcast,True,False,False,False,False,False,False,True,False,True,False,True,False,False,False,False,False,False,False,False,True,False,False,True,False,False
1.72,4.6848128136402885,1.79,5.7,12.0,9.381818181818183,0,1,1.0,0,40.72674418604651,2018,2018,0,21,21,-9.0,1.0,-126.0,-6.0,56.62,1,1,30.48029,30.393782,Chevrolet,other,Overcast,True,False,False,False,False,False,False,True,False,True,False,True,False,False,False,False,False,False,False,False,True,False,False,True,False,False
2.42,4.927253685157205,3.43,8.816666666666666,18.0,11.433333333333334,0,1,1.0,0,39.94169096209912,2018,2018,0,21,21,-10.0,1.0,-126.0,-6.0,56.62,1,1,30.394056,30.417334,Chevrolet,Lacetti,Overcast,True,False,False,False,False,False,False,True,False,True,False,True,False,False,False,False,False,False,False,False,True,False,False,True,False,False
2.84,5.087596335232384,7.11,12.4,14.0,30.47142857142857,0,1,1.0,0,22.644163150492265,2018,2018,0,21,21,-10.0,1.0,-126.0,-6.0,56.62,1,1,30.3664563,30.393879,Chevrolet,Lacetti,Overcast,True,False,False,False,False,False,False,True,False,True,False,True,False,False,False,False,False,False,False,False,True,False,False,True,False,False
3.6,5.318119993844216,7.4,12.0,21.0,21.142857142857146,0,0,1.0,0,27.43243243243243,2018,2018,0,7,7,-12.0,1.0,-35.0,-7.0,56.35,1,1,30.3919653,30.3664563,Kia,Rio,Overcast,False,False,True,False,False,False,False,False,False,True,False,True,False,False,False,False,False,False,False,False,False,True,False,False,True,False
2.08,4.770684624465665,4.01,16.566666666666666,25.0,9.623999999999999,0,1,1.0,0,29.17705735660848,2018,2018,1,9,9,-14.0,0.9,-72.0,-8.0,56.35,1,1,30.40226,30.394457,Chevrolet,Lacetti,Mostly Cloudy,True,False,False,False,False,False,False,True,False,True,False,False,False,False,True,False,False,False,False,False,False,True,False,False,True,False
2.38,4.90527477843843,3.8,11.366666666666667,20.0,11.4,0,1,1.0,0,35.26315789473684,2018,2018,0,13,13,-15.0,0.93,-117.0,-9.0,56.35,1,1,30.394056,30.402351,Chevrolet,Lacetti,Mostly Cloudy,True,False,False,False,False,False,False,True,False,True,False,False,False,True,False,False,False,False,False,False,False,False,False,False,False,False
2.52,4.962844630259907,3.62,7.9,15.0,14.48,0,1,1.0,0,39.226519337016576,2018,2018,0,15,15,-14.0,0.95,-135.0,-9.0,56.35,1,1,30.40226,30.394209,Renault,other,Overcast,True,False,False,False,False,False,False,True,False,True,False,True,False,False,False,False,False,False,False,False,False,False,False,False,False,False
4.65,5.575949103146316,6.29,15.666666666666666,25.0,15.096,0,1,1.0,0,41.81240063593005,2018,2018,1,9,9,-19.0,0.9,-99.0,-11.0,56.54,1,1,30.476147,30.3664563,Hyundai,Solaris,Mostly Cloudy,True,False,False,False,False,False,False,True,False,True,False,False,False,False,True,False,False,False,False,False,False,True,False,False,True,False
5.29,5.703782474656201,6.78,14.4,18.0,22.6,0,1,1.0,0,44.100294985250734,2018,2018,0,10,10,-20.0,1.0,-110.0,-11.0,56.54,1,1,30.3664563,30.475935,Volkswagen,other,Overcast,True,False,False,False,False,False,False,True,False,True,False,True,False,False,False,False,False,False,False,False,False,True,False,False,True,False
6.91,5.971083252416115,18.01,45.25,51.0,21.18823529411765,0,1,1.0,0,21.706274292059966,2018,2018,0,11,11,-19.0,0.95,-121.0,-11.0,56.54,1,1,30.40226,30.3664563,other,other,Overcast,True,False,False,False,False,False,False,True,False,True,False,True,False,False,False,False,False,False,False,False,False,True,False,False,True,False
5.68,5.780743515792329,10.06,35.233333333333334,49.0,12.318367346938777,0,1,1.0,0,32.10735586481113,2018,2018,1,7,7,-17.0,0.91,-63.0,-9.0,56.9,1,1,30.354317,30.3664563,Ford,Focus,Mostly Cloudy,True,False,False,False,False,False,False,True,False,True,False,False,False,False,True,False,False,False,False,False,False,True,False,False,True,False
6.15,5.860786223465865,7.35,14.783333333333333,17.0,25.941176470588236,0,1,1.0,0,47.61904761904762,2018,2018,1,9,9,-15.0,0.77,-72.0,-8.0,56.9,1,1,30.40226,30.354433,other,other,Mostly Cloudy,True,False,False,False,False,False,False,True,False,True,False,False,False,False,True,False,False,False,False,False,False,True,False,False,True,False
8.47,6.180016653652572,11.59,25.65,29.0,23.979310344827585,0,1,1.0,0,41.587575496117346,2018,2018,1,9,9,-15.0,0.78,-72.0,-8.0,56.9,1,1,30.3664563,30.354479,Nissan,other,Mostly Cloudy,True,False,False,False,False,False,False,True,False,True,False,False,False,False,True,False,False,False,False,False,False,True,False,False,True,False
2.76,5.056245805348308,5.71,19.4,29.0,11.813793103448276,0,1,1.0,0,27.320490367775832,2018,2018,0,10,10,-13.0,0.87,-70.0,-7.0,56.53,1,1,30.40226,30.3664563,Hyundai,Solaris,Flurries,True,False,False,False,False,False,False,True,False,True,False,False,False,False,False,False,True,False,False,True,False,True,False,False,True,False
2.8,5.0689042022202315,6.44,20.266666666666666,25.0,15.456,0,1,1.0,0,24.53416149068323,2018,2018,1,21,21,-10.0,0.9,-126.0,-6.0,56.53,1,1,30.3664563,30.40226,Renault,Logan,Mostly Cloudy,True,False,False,False,False,False,False,True,False,True,False,False,False,False,True,False,False,False,False,False,True,False,False,True,False,False
2.98,5.135798437050262,4.83,12.566666666666666,21.0,13.8,0,1,1.0,0,34.989648033126294,2018,2018,0,11,11,-9.0,0.98,-66.0,-6.0,56.71,1,1,30.41786,30.3664563,Kia,Rio,Overcast,True,False,False,False,False,False,False,True,False,True,False,True,False,False,False,False,False,False,False,False,False,True,False,False,True,False
2.79,5.0689042022202315,6.97,23.3,28.0,14.935714285714285,0,1,1.0,0,22.66857962697274,2018,2018,0,14,14,-10.0,0.88,-84.0,-6.0,56.71,1,1,30.3664563,30.41988,Skoda,Rapid,Mostly Cloudy,True,False,False,False,False,False,False,True,False,True,False,False,False,True,False,False,False,False,False,False,False,False,False,False,False,False
3.08,5.170483995038151,6.18,14.65,24.0,15.45,0,1,1.0,0,28.31715210355987,2018,2018,0,15,15,-10.0,0.67,-135.0,-10.0,56.9,1,1,30.3664563,30.40226,Volkswagen,Polo,Mostly Cloudy,True,False,False,False,False,False,False,True,False,True,False,False,False,True,False,False,False,False,False,False,False,False,False,False,False,False
2.67,5.0238805208462765,5.55,13.1,17.0,19.58823529411765,0,1,1.0,0,27.207207207207208,2018,2018,0,11,11,-14.0,0.9,-77.0,-7.0,56.53,1,1,30.40226,30.3664563,Hyundai,Solaris,Light Snow,True,False,False,False,False,False,False,True,False,True,False,False,False,False,False,False,True,False,False,True,False,True,False,False,True,False
3.03,5.147494476813453,6.29,24.366666666666667,31.0,12.174193548387096,0,1,1.0,0,27.186009538950714,2018,2018,0,21,21,-11.0,1.0,-84.0,-4.0,56.53,1,1,30.3664563,30.40226,Ford,Focus,Flurries,True,False,False,False,False,False,False,True,False,True,False,False,False,False,False,False,True,False,False,True,True,False,False,True,False,False
2.92,5.099866427824199,5.62,15.283333333333333,22.0,15.327272727272728,0,1,1.0,0,29.00355871886121,2018,2018,0,10,10,-5.0,1.0,10.0,1.0,55.92,1,1,30.40226,30.3664563,Renault,other,Light Snow,True,False,False,False,False,False,False,True,False,True,False,False,False,False,False,False,True,False,False,True,False,True,False,False,True,False
3.58,5.303304908059076,7.02,12.6,22.0,19.145454545454545,0,1,1.0,0,28.490028490028493,2018,2018,0,20,20,0.0,1.0,80.0,4.0,55.92,1,1,30.3664563,30.402378,Volkswagen,Polo,Overcast,True,False,False,False,False,False,False,True,False,True,False,True,False,False,False,False,False,False,False,False,True,False,False,True,False,False
2.17,4.812184355372417,4.06,9.633333333333333,13.0,18.738461538461536,0,1,1.0,0,30.049261083743847,2018,2018,0,10,10,0.0,1.0,30.0,3.0,56.25,1,1,30.455511,30.3664563,Nissan,Almera,Overcast,True,False,False,False,False,False,False,True,False,True,False,True,False,False,False,False,False,False,False,False,False,True,False,False,True,False
3.38,5.25227342804663,7.31,15.866666666666667,20.0,21.93,0,1,1.0,0,25.991792065663475,2018,2018,0,11,11,0.0,0.98,33.0,3.0,56.25,1,1,30.40226,30.456337,Ford,other,Overcast,True,False,False,False,False,False,False,True,False,True,False,True,False,False,False,False,False,False,False,False,False,True,False,False,True,False
3.5,5.288267030694535,6.41,12.733333333333333,17.0,22.623529411764707,0,1,1.0,0,30.733229329173167,2018,2018,0,7,7,-2.0,1.0,3.0,1.0,56.25,1,1,30.40226,30.363317,other,other,Overcast,True,False,False,False,False,False,False,True,False,True,False,True,False,False,False,False,False,False,False,False,False,False,True,False,False,True
2.76,5.049856007249537,5.89,10.9,17.0,20.788235294117648,0,1,1.0,0,26.315789473684212,2018,2018,0,7,7,-1.0,1.0,4.0,1.0,56.25,1,1,30.3664563,30.40226,Ford,Focus,Overcast,True,False,False,False,False,False,False,True,False,True,False,True,False,False,False,False,False,False,False,False,False,False,True,False,False,True
2.7,5.030437921392435,6.29,16.05,21.0,17.97142857142857,0,1,1.0,0,24.165341812400637,2018,2018,0,14,14,-3.0,0.95,0.0,0.0,56.24,1,1,30.476147,30.3664563,Volkswagen,Polo,Overcast,True,False,False,False,False,False,False,True,False,True,False,True,False,False,False,False,False,False,False,False,False,False,False,False,False,False
1.72,4.6848128136402885,2.22,5.7,12.0,11.1,0,1,1.0,0,36.93693693693693,2018,2018,0,16,16,-5.0,1.0,0.0,0.0,56.24,1,1,30.3664563,30.470142,Ford,Focus,Overcast,True,False,False,False,False,False,False,True,False,True,False,True,False,False,False,False,False,False,False,False,False,False,False,False,False,False
2.59,4.990432586778736,4.78,11.233333333333333,17.0,16.870588235294118,0,1,1.0,0,30.543933054393303,2018,2018,0,11,11,-5.0,1.0,-11.0,-1.0,56.33,1,1,30.40226,30.3664563,Ford,Focus,Overcast,True,False,False,False,False,False,False,True,False,True,False,True,False,False,False,False,False,False,False,False,False,True,False,False,True,False
5.45,5.730099782973574,8.61,33.483333333333334,42.0,12.3,0,1,1.0,0,35.656213704994194,2018,2018,0,8,8,-12.0,0.96,-56.0,-7.0,56.35,1,1,30.35236,30.3664563,Mitsubishi,other,Overcast,True,False,False,False,False,False,False,True,False,True,False,True,False,False,False,False,False,False,False,False,False,True,False,False,True,False
4.01,5.424950017481403,5.68,20.25,25.0,13.631999999999998,0,1,1.0,0,39.7887323943662,2018,2018,0,9,9,-12.0,0.99,-63.0,-7.0,56.35,1,1,30.40226,30.35362,Kia,Rio,Overcast,True,False,False,False,False,False,False,True,False,True,False,True,False,False,False,False,False,False,False,False,False,True,False,False,True,False
2.87,5.093750200806762,6.63,16.15,26.0,15.299999999999999,0,1,1.0,0,24.434389140271495,2018,2018,1,21,21,-12.0,0.88,-126.0,-6.0,56.35,1,1,30.3664563,30.40226,Nissan,Almera,Mostly Cloudy,True,False,False,False,False,False,False,True,False,True,False,False,False,False,True,False,False,False,False,False,True,False,False,True,False,False
2.77,5.056245805348308,5.01,12.35,23.0,13.069565217391302,0,1,1.0,0,31.137724550898206,2018,2018,0,10,10,-14.0,0.96,-80.0,-8.0,56.26,1,1,30.40226,30.3664563,other,other,Overcast,True,False,False,False,False,False,False,True,False,True,False,True,False,False,False,False,False,False,False,False,False,True,False,False,True,False
3.06,5.153291594497779,6.5,19.6,23.0,16.956521739130434,0,1,1.0,0,26.46153846153846,2018,2018,1,20,20,-12.0,0.48,-135.0,-12.0,56.26,1,1,30.3664563,30.40226,Renault,Logan,Partly Cloudy,True,False,False,False,False,False,False,True,False,True,False,False,False,False,True,False,False,False,False,False,True,False,False,True,False,False
3.53,5.298317366548036,7.47,16.633333333333333,23.0,19.486956521739128,0,1,1.0,0,26.639892904953147,2018,2018,0,9,9,-19.0,0.62,-99.0,-11.0,56.3,2,2,30.40226,30.35433,Volkswagen,Polo,Mostly Cloudy,True,False,False,False,False,False,False,True,False,True,False,False,False,True,False,False,False,False,False,False,False,True,False,False,True,False
4.92,5.6240175061873385,5.66,21.233333333333334,25.0,13.584,0,1,1.0,0,48.763250883392224,2018,2018,0,9,9,-3.0,1.0,-27.0,-3.0,56.05,2,2,30.40226,30.3664563,Hyundai,Solaris,Overcast,True,False,False,False,False,False,False,True,False,True,False,True,False,False,False,False,False,False,False,False,False,True,False,False,True,False
3.3,5.247024072160486,6.18,19.183333333333334,25.0,14.831999999999999,0,1,1.0,0,30.58252427184466,2018,2018,1,20,20,-13.0,0.71,-135.0,-7.0,57.21,2,2,30.3664563,30.4077,Nissan,Almera,Mostly Cloudy,True,False,False,False,False,False,False,True,False,True,False,False,False,False,True,False,False,False,False,True,True,False,False,True,False,False
2.91,5.117993812416755,5.41,29.216666666666665,33.0,9.836363636363636,0,1,1.0,0,30.683918669131238,2018,2018,0,10,10,-14.0,0.77,-90.0,-9.0,57.13,2,2,30.40226,30.3664563,other,other,Mostly Cloudy,True,False,False,False,False,False,False,True,False,True,False,False,False,True,False,False,False,False,False,True,False,True,False,False,True,False
3.33,5.25227342804663,5.2,18.883333333333333,23.0,13.565217391304348,0,1,1.0,0,36.53846153846154,2018,2018,0,10,10,-18.0,0.75,-110.0,-11.0,57.02,2,2,30.40226,30.3664563,Mitsubishi,other,Mostly Cloudy,True,False,False,False,False,False,False,True,False,True,False,False,False,True,False,False,False,False,False,True,False,True,False,False,True,False
9.6,6.3216671707156,24.51,46.43333333333333,57.0,17.50714285714286,0,1,1.0,0,22.664218686250507,2018,2018,0,10,10,-10.0,0.53,-60.0,-6.0,57.84,2,2,30.40226,30.3664563,Volkswagen,Polo,Partly Cloudy,True,False,False,False,False,False,False,True,False,True,False,False,False,True,False,False,False,False,False,True,False,True,False,False,True,False
8.2,6.173786103901937,13.84,46.43333333333333,57.0,13.613114754098362,0,1,1.0,0,34.60982658959538,2018,2018,1,18,18,-11.0,0.43,-126.0,-7.0,58.43,2,2,30.369232,30.40226,Chevrolet,Cruze,Partly Cloudy,True,False,False,False,False,False,False,True,False,True,False,False,False,False,True,False,False,False,False,False,True,False,False,True,False,False
3.85,5.420534999272286,9.11,25.133333333333333,29.0,18.848275862068963,0,1,1.0,0,24.698133918770584,2018,2018,1,20,20,-12.0,0.81,-135.0,-7.0,58.43,2,2,30.341034,30.368832,Mitsubishi,other,Mostly Cloudy,True,False,False,False,False,False,False,True,False,True,False,False,False,False,True,False,False,False,False,False,True,False,False,True,False,False
7.09,6.0287844163400655,11.27,28.2,37.0,18.275675675675675,0,1,1.0,0,36.75332741792369,2018,2018,1,21,21,-11.0,0.86,-135.0,-8.0,58.43,2,2,30.390339,30.341257,Skoda,Rapid,Mostly Cloudy,True,False,False,False,False,False,False,True,False,True,False,False,False,False,True,False,False,False,False,False,False,False,True,False,False,True
2.74,5.081404364984463,6.18,13.616666666666667,26.0,14.26153846153846,0,1,1.0,0,25.889967637540455,2018,2018,1,7,7,-12.0,0.9,-0.0,-8.0,58.43,2,2,30.3664563,30.40226,other,other,Mostly Cloudy,True,False,False,False,False,False,False,True,False,True,False,False,False,False,True,False,False,False,False,True,False,False,True,False,False,True
3.49,5.318119993844216,5.15,33.86666666666667,41.0,7.536585365853659,0,1,1.0,0,39.41747572815534,2018,2018,0,9,9,-7.0,0.94,-63.0,-7.0,58.08,2,2,30.40226,30.3664563,Hyundai,Solaris,Overcast,True,False,False,False,False,False,False,True,False,True,False,True,False,False,False,False,False,False,False,True,False,True,False,False,True,False
3.33,5.278114659230517,6.23,17.816666666666666,29.0,12.889655172413795,0,1,1.0,0,31.300160513643657,2018,2018,1,20,20,-6.0,0.91,-120.0,-6.0,58.53,2,2,30.3664563,30.40226,other,other,Mostly Cloudy,True,False,False,False,False,False,False,True,False,True,False,False,False,False,True,False,False,False,False,True,True,False,False,True,False,False
2.23,4.875197323201151,3.09,11.183333333333334,16.0,11.5875,0,1,1.0,0,42.07119741100324,2018,2018,0,11,11,-8.0,0.78,-55.0,-5.0,58.37,2,2,30.379305,30.359858,Chevrolet,Cruze,Mostly Cloudy,True,False,False,False,False,False,False,True,False,True,False,False,False,True,False,False,False,False,False,True,False,True,False,False,True,False
3.67,5.3706380281276624,8.13,23.833333333333332,29.0,16.820689655172416,0,1,1.0,0,26.322263222632223,2018,2018,0,13,13,-8.0,0.69,-52.0,-4.0,58.37,2,2,30.3664563,30.379347,Kia,Rio,Mostly Cloudy,True,False,False,False,False,False,False,True,False,True,False,False,False,True,False,False,False,False,False,True,False,False,False,False,False,False
12.04,6.546684975300983,33.97,30.1,38.0,42.4875,0,1,1.0,0,18.878504672897197,2018,2018,0,10,10,-7.0,0.98,-20.0,-2.0,57.79,2,2,30.2742717,30.3664563,Volkswagen,Polo,Overcast,True,False,False,False,False,False,False,True,False,True,False,True,False,False,False,False,False,False,False,False,False,True,False,False,True,False
12.97,6.55250788703459,33.97,46.43333333333333,57.0,32.53636363636363,0,1,1.0,0,23.749650740430287,2018,2018,0,14,14,-8.0,0.61,-56.0,-4.0,57.79,2,2,37.635031,37.28801,Nissan,Almera,Mostly Cloudy,True,False,False,False,False,False,False,True,True,False,False,False,False,True,False,False,False,False,False,False,False,False,False,False,False,False
12.97,6.55250788703459,33.97,46.43333333333333,57.0,34.986486486486484,0,1,1.0,0,27.578215527230594,2018,2018,1,7,7,-15.0,0.25,-0.0,-11.0,57.79,2,2,37.271233,37.6350862,Volkswagen,other,Partly Cloudy,True,False,False,False,False,False,False,True,True,False,False,False,False,False,True,False,False,False,False,False,False,False,True,False,False,True
11.27,6.480044561926653,33.97,45.6,48.0,42.4625,0,1,1.0,0,19.163968207241684,2018,2018,1,7,7,-6.0,0.67,-7.0,-1.0,57.75,2,2,30.3664563,30.2808294,Mitsubishi,other,Mostly Cloudy,True,False,False,False,False,False,False,True,False,True,False,False,False,False,True,False,False,False,False,False,False,True,False,False,True,False
4.6,5.586461832079658,6.04,21.933333333333334,32.0,11.325000000000001,0,1,1.0,0,44.00496688741722,2018,2018,0,10,10,-7.0,0.81,-20.0,-2.0,57.75,2,2,30.40226,30.3664563,Hyundai,Solaris,Mostly Cloudy,True,False,False,False,False,False,False,True,False,True,False,False,False,True,False,False,False,False,False,True,False,True,False,False,True,False
2.1,4.804021044733257,4.57,14.85,23.0,11.921739130434782,0,1,1.0,0,26.47702407002188,2018,2018,1,21,21,-7.0,0.66,-84.0,-4.0,57.65,2,2,30.41786,30.40476,Hyundai,Solaris,Mostly Cloudy,True,False,False,False,False,False,False,True,False,True,False,False,False,False,True,False,False,False,False,True,True,False,False,True,False,False
2.48,4.969813299576001,4.99,11.033333333333333,27.0,11.088888888888889,0,1,1.0,0,28.657314629258515,2018,2018,1,21,21,-8.0,0.72,-84.0,-4.0,57.65,2,2,30.359217,30.416712,Chevrolet,Cruze,Mostly Cloudy,True,False,False,False,False,False,False,True,False,True,False,False,False,False,True,False,False,False,False,True,True,False,False,True,False,False
3.07,5.181783550292085,5.33,10.983333333333333,16.0,19.9875,0,1,1.0,0,33.208255159474675,2018,2018,1,21,21,-8.0,0.69,-88.0,-4.0,57.65,2,2,30.40226,30.35899,other,other,Mostly Cloudy,True,False,False,False,False,False,False,True,False,True,False,False,False,False,True,False,False,False,False,True,False,False,True,False,False,True
2.79,5.087596335232384,6.58,10.75,18.0,21.933333333333334,0,1,1.0,0,24.46808510638298,2018,2018,1,21,21,-8.0,0.72,-88.0,-4.0,57.65,2,2,30.3664563,30.402374,Chevrolet,Lacetti,Mostly Cloudy,True,False,False,False,False,False,False,True,False,True,False,False,False,False,True,False,False,False,False,True,False,False,True,False,False,True
2.63,5.030437921392435,4.8,7.4,15.0,19.2,0,1,1.0,0,31.666666666666668,2018,2018,1,7,7,-8.0,0.91,-16.0,-4.0,57.7,2,2,30.40226,30.3664563,Volkswagen,Polo,Mostly Cloudy,True,False,False,False,False,False,False,True,False,True,False,False,False,False,True,False,False,False,False,False,False,False,True,False,False,True
2.79,5.087596335232384,5.89,11.316666666666666,16.0,22.0875,0,1,1.0,0,27.33446519524618,2018,2018,1,7,7,-9.0,0.84,-30.0,-6.0,57.7,2,2,30.3664563,30.402372,Renault,other,Mostly Cloudy,True,False,False,False,False,False,False,True,False,True,False,False,False,False,True,False,False,False,False,False,False,True,False,False,True,False
2.92,5.132144711493453,5.62,20.666666666666668,31.0,10.87741935483871,0,1,1.0,0,29.960854092526688,2018,2018,0,11,11,-12.0,0.83,-77.0,-7.0,57.7,2,2,30.40226,30.3664563,other,other,Mostly Cloudy,True,False,False,False,False,False,False,True,False,True,False,False,False,True,False,False,False,False,False,False,False,True,False,False,True,False
3.06,5.1647859739235145,5.78,11.4,22.0,15.763636363636365,0,1,1.0,0,30.103806228373703,2018,2018,0,10,10,-18.0,0.33,-120.0,-12.0,56.83,2,2,30.40226,30.3664563,other,other,Partly Cloudy,True,False,False,False,False,False,False,True,False,True,False,False,False,True,False,False,False,False,False,False,False,True,False,False,True,False
2.79,5.062595033026967,5.05,17.816666666666666,28.0,10.821428571428571,0,1,1.0,0,31.089108910891092,2018,2018,0,11,11,-12.0,0.82,-88.0,-8.0,56.35,2,2,30.40226,30.3664563,other,other,Mostly Cloudy,True,False,False,False,False,False,False,True,False,True,False,False,False,True,False,False,False,False,False,True,False,True,False,False,True,False
3.03,5.147494476813453,5.89,16.3,33.0,10.709090909090907,0,1,1.0,0,29.03225806451613,2018,2018,0,21,21,-9.0,1.0,-126.0,-6.0,56.35,2,2,30.3664563,30.40236,Hyundai,Solaris,Overcast,True,False,False,False,False,False,False,True,False,True,False,True,False,False,False,False,False,False,False,True,True,False,False,True,False,False
3.88,5.393627546352362,4.88,17.483333333333334,34.0,8.611764705882353,0,1,1.0,0,44.87704918032787,2018,2018,0,9,9,-9.0,0.83,-54.0,-6.0,56.37,2,2,30.41786,30.3664563,Renault,other,Foggy,True,False,False,False,False,False,False,True,False,True,False,False,True,False,False,False,False,False,False,True,False,True,False,False,True,False
1.97,4.718498871295094,4.02,13.016666666666667,17.0,14.188235294117646,0,1,1.0,0,27.611940298507466,2018,2018,0,11,11,-9.0,0.44,-55.0,-5.0,56.37,2,2,30.40226,30.419876,Renault,Logan,Partly Cloudy,True,False,False,False,False,False,False,True,False,True,False,False,False,True,False,False,False,False,False,True,False,True,False,False,True,False
2.89,5.099866427824199,6.08,14.116666666666667,22.0,16.581818181818182,0,1,1.0,0,26.809210526315788,2018,2018,1,21,21,-11.0,0.45,-126.0,-6.0,56.37,2,2,30.3664563,30.40226,Chevrolet,other,Partly Cloudy,True,False,False,False,False,False,False,True,False,True,False,False,False,False,True,False,False,False,False,True,True,False,False,True,False,False
2.63,5.0106352940962555,6.32,18.25,24.0,15.8,0,1,1.0,0,23.575949367088608,2018,2018,0,12,12,-15.0,0.39,-120.0,-10.0,56.74,2,2,30.40226,30.3664563,Nissan,other,Partly Cloudy,True,False,False,False,False,False,False,True,False,True,False,False,False,True,False,False,False,False,False,True,False,False,False,False,False,False
3.93,5.4116460518550396,5.65,15.633333333333333,25.0,13.56,0,1,1.0,0,39.469026548672566,2018,2018,0,10,10,-21.0,0.72,-135.0,-16.0,56.77,2,2,30.40226,30.3664563,Renault,Logan,Mostly Cloudy,True,False,False,False,False,False,False,True,False,True,False,False,False,True,False,False,False,False,False,True,False,True,False,False,True,False
3.51,5.293304824724492,5.36,10.983333333333333,13.0,24.73846153846154,0,1,1.0,0,36.940298507462686,2018,2018,0,15,15,-9.0,0.59,-135.0,-9.0,56.33,2,2,30.40226,30.480673,Volkswagen,Polo,Foggy,True,False,False,False,False,False,False,True,False,True,False,False,True,False,False,False,False,False,False,True,False,False,False,False,False,False
3.94,5.407171771460119,6.57,12.166666666666666,21.0,18.771428571428572,0,1,1.0,0,33.789954337899545,2018,2018,1,21,21,-19.0,0.36,-135.0,-16.0,56.33,2,2,30.3664563,30.40226,Renault,Logan,Partly Cloudy,True,False,False,False,False,False,False,True,False,True,False,False,False,False,True,False,False,False,False,True,False,False,True,False,False,True
2.68,5.017279836814924,5.12,15.183333333333334,24.0,12.799999999999999,0,1,1.0,0,29.296875,2018,2018,0,10,10,-18.0,0.47,-130.0,-13.0,55.89,2,2,30.40226,30.3664563,Kia,Rio,Partly Cloudy,True,False,False,False,False,False,False,True,False,True,False,False,False,True,False,False,False,False,False,True,False,True,False,False,True,False
2.65,5.003946305945459,5.25,16.75,20.0,15.75,0,1,1.0,0,28.19047619047619,2018,2018,1,20,20,-22.0,0.46,-135.0,-14.0,55.89,2,2,30.3664563,30.409252,Skoda,Rapid,Partly Cloudy,True,False,False,False,False,False,False,True,False,True,False,False,False,False,True,False,False,False,False,True,True,False,False,True,False,False
2.51,4.955827057601261,5.04,17.066666666666666,22.0,13.745454545454546,0,1,1.0,0,27.976190476190474,2018,2018,0,10,10,-28.0,0.62,-135.0,-18.0,56.25,2,2,30.40226,30.3664563,Renault,Logan,Mostly Cloudy,True,False,False,False,False,False,False,True,False,True,False,False,False,True,False,False,False,False,False,True,False,True,False,False,True,False
3.41,5.262690188904886,7.77,24.333333333333332,38.0,12.26842105263158,0,1,1.0,0,24.71042471042471,2018,2018,0,12,12,-23.0,0.64,-135.0,-18.0,56.34,2,2,30.40226,30.359735,other,other,Mostly Cloudy,True,False,False,False,False,False,False,True,False,True,False,False,False,True,False,False,False,False,False,True,False,False,False,False,False,False
2.93,5.111987788356544,6.5,15.5,25.0,15.6,0,1,1.0,0,25.384615384615383,2018,2018,1,20,20,-21.0,0.76,-135.0,-15.0,56.34,2,2,30.3664563,30.40226,Kia,other,Mostly Cloudy,True,False,False,False,False,False,False,True,False,True,False,False,False,False,True,False,False,False,False,True,True,False,False,True,False,False
2.47,4.948759890378168,4.73,10.0,20.0,14.190000000000001,0,1,1.0,0,29.598308668076108,2018,2018,0,11,11,-13.0,0.46,-135.0,-13.0,56.78,3,3,30.41786,30.3664563,Hyundai,Solaris,Partly Cloudy,True,False,False,False,False,False,False,True,False,True,False,False,False,True,False,False,False,False,False,True,False,True,False,False,True,False
4.28,5.497168225293202,6.13,30.25,38.0,9.678947368421053,0,1,1.0,0,39.64110929853181,2018,2018,1,19,19,-16.0,0.67,-135.0,-12.0,56.78,3,3,30.3664563,30.420101,Hyundai,Solaris,Mostly Cloudy,True,False,False,False,False,False,False,True,False,True,False,False,False,False,True,False,False,False,False,False,True,False,False,True,False,False
4.94,5.641907070938114,10.04,28.783333333333335,37.0,16.28108108108108,0,1,1.0,0,27.988047808764943,2018,2018,0,10,10,-22.0,0.38,-135.0,-15.0,56.85,3,3,30.40226,30.468378,Volkswagen,Polo,Partly Cloudy,True,False,False,False,False,False,False,True,False,True,False,False,False,True,False,False,False,False,False,False,False,True,False,False,True,False
2.92,5.117993812416755,6.79,14.916666666666666,23.0,17.713043478260868,0,1,1.0,0,24.447717231222384,2018,2018,1,21,21,-16.0,0.37,-135.0,-12.0,56.85,3,3,30.3664563,30.402369,Mitsubishi,other,Partly Cloudy,True,False,False,False,False,False,False,True,False,True,False,False,False,False,True,False,False,False,False,False,True,False,False,True,False,False
2.62,5.003946305945459,5.47,13.55,24.0,13.674999999999999,0,1,1.0,0,27.056672760511884,2018,2018,0,11,11,-13.0,0.94,-99.0,-9.0,56.45,3,3,30.40226,30.3664563,Chevrolet,Cruze,Overcast,True,False,False,False,False,False,False,True,False,True,False,True,False,False,False,False,False,False,False,False,False,True,False,False,True,False
2.16,4.812184355372417,3.43,11.1,18.0,11.433333333333334,0,1,1.0,0,35.56851311953353,2018,2018,1,20,20,-16.0,0.6,-135.0,-10.0,56.45,3,3,30.41786,30.402357,Kia,other,Mostly Cloudy,True,False,False,False,False,False,False,True,False,True,False,False,False,False,True,False,False,False,False,False,True,False,False,True,False,False
2.51,4.969813299576001,4.14,16.316666666666666,26.0,9.553846153846154,0,1,1.0,0,34.54106280193237,2018,2018,0,9,9,-22.0,0.99,-126.0,-14.0,56.87,3,3,30.455511,30.3664563,other,other,Overcast,True,False,False,False,False,False,False,True,False,True,False,True,False,False,False,False,False,False,False,False,False,True,False,False,True,False
3.18,5.204006687076795,7.05,25.416666666666668,38.0,11.131578947368421,0,1,1.0,0,25.673758865248228,2018,2018,0,10,10,-21.0,0.98,-120.0,-12.0,56.87,3,3,30.40226,30.455297,Nissan,other,Overcast,True,False,False,False,False,False,False,True,False,True,False,True,False,False,False,False,False,False,False,False,False,True,False,False,True,False
2.74,5.056245805348308,4.92,10.8,20.0,14.76,0,1,1.0,0,31.70731707317073,2018,2018,0,21,21,-14.0,0.99,-135.0,-9.0,56.87,3,3,30.3664563,30.407635,Nissan,Almera,Overcast,True,False,False,False,False,False,False,True,False,True,False,True,False,False,False,False,False,False,False,False,True,False,False,True,False,False
2.78,5.0689042022202315,4.94,13.933333333333334,22.0,13.472727272727274,0,1,1.0,0,31.983805668016192,2018,2018,0,10,10,-17.0,0.99,-100.0,-10.0,56.78,3,3,30.41786,30.3664563,Kia,Rio,Overcast,True,False,False,False,False,False,False,True,False,True,False,True,False,False,False,False,False,False,False,False,False,True,False,False,True,False
2.98,5.14166355650266,8.48,17.583333333333332,28.0,18.17142857142857,0,1,1.0,0,20.047169811320753,2018,2018,0,7,7,-16.0,0.95,-40.0,-10.0,56.98,3,3,30.35657,30.3664563,other,other,Overcast,True,False,False,False,False,False,False,True,False,True,False,True,False,False,False,False,False,False,False,False,False,False,True,False,False,True
4.96,5.641907070938114,9.01,18.266666666666666,21.0,25.742857142857144,0,1,1.0,0,31.18756936736959,2018,2018,1,19,19,-2.0,0.35,38.0,2.0,56.66,3,3,30.3664563,30.356352,Kia,Rio,Partly Cloudy,True,False,False,False,False,False,False,True,False,True,False,False,False,False,True,False,False,False,False,False,True,False,False,True,False,False
3.79,5.375278407684165,8.8,18.05,22.0,24.000000000000004,0,1,1.0,0,24.43181818181818,2018,2018,1,19,19,-2.0,0.35,38.0,2.0,56.66,3,3,30.3664563,30.356361,Volkswagen,Polo,Partly Cloudy,True,False,False,False,False,False,False,True,False,True,False,False,False,False,True,False,False,False,False,False,True,False,False,True,False,False
11.46,6.481577129276431,33.97,28.566666666666666,36.0,42.4875,0,1,1.0,0,19.18211238599588,2018,2018,0,15,15,-4.0,1.0,15.0,1.0,56.88,3,3,30.3664563,30.2808294,Volkswagen,Polo,Overcast,True,False,False,False,False,False,False,True,False,True,False,True,False,False,False,False,False,False,False,False,False,False,False,False,False,False
6.33,5.8888779583328805,12.38,23.4,29.0,25.613793103448277,0,1,1.0,0,29.079159935379643,2018,2018,1,21,21,-3.0,0.42,22.0,1.0,56.9,3,3,30.3664563,30.331146,Volkswagen,Polo,Partly Cloudy,True,False,False,False,False,False,False,True,False,True,False,False,False,False,True,False,False,False,False,False,False,False,True,False,False,True
2.34,4.897839799950911,5.81,11.366666666666667,18.0,19.366666666666667,0,1,1.0,0,22.89156626506024,2018,2018,0,10,10,-2.0,0.83,20.0,2.0,56.9,3,3,30.41786,30.3664563,Chevrolet,Cruze,Mostly Cloudy,True,False,False,False,False,False,False,True,False,True,False,False,False,True,False,False,False,False,False,False,False,True,False,False,True,False
3.62,5.332718793265369,6.13,18.266666666666666,25.0,14.712,0,1,1.0,0,33.605220228384994,2018,2018,0,17,17,0.0,1.0,51.0,3.0,56.9,3,3,30.3664563,30.416996,Skoda,other,Overcast,True,False,False,False,False,False,False,True,False,True,False,True,False,False,False,False,False,False,False,False,True,False,False,True,False,False
7.84,6.113682179832232,9.25,23.416666666666668,32.0,17.34375,0,1,1.0,0,48.75675675675676,2018,2018,0,9,9,-18.0,0.07,-90.0,-10.0,57.54,3,3,30.342457,30.3664563,Skoda,other,Clear,True,False,False,False,False,False,False,True,False,True,False,False,False,False,False,False,False,False,False,False,False,True,False,False,True,False
4.47,5.552959584921617,10.98,26.433333333333334,33.0,19.96363636363636,0,1,1.0,0,23.406193078324225,2018,2018,0,10,10,-17.0,0.12,-90.0,-9.0,57.54,3,3,30.455576,30.342478,Nissan,Almera,Clear,True,False,False,False,False,False,False,True,False,True,False,False,False,False,False,False,False,False,False,False,False,True,False,False,True,False
3.75,5.37989735354046,6.9,29.033333333333335,39.0,10.615384615384615,0,1,1.0,0,31.304347826086953,2018,2018,0,12,12,-16.0,0.24,-96.0,-8.0,57.54,3,3,30.355846,30.45558,Ford,other,Clear,True,False,False,False,False,False,False,True,False,True,False,False,False,False,False,False,False,False,False,False,False,False,False,False,False,False
11.03,6.4550727692648575,27.21,46.43333333333333,57.0,15.698076923076924,0,1,1.0,0,23.334068357221607,2018,2018,0,14,14,-14.0,0.26,-98.0,-7.0,57.54,3,3,30.355846,30.337137,Ford,other,Partly Cloudy,True,False,False,False,False,False,False,True,False,True,False,False,False,True,False,False,False,False,False,False,False,False,False,False,False,False
12.97,6.55250788703459,19.59,46.43333333333333,57.0,18.657142857142855,0,1,1.0,0,38.28483920367535,2018,2018,0,18,18,-13.0,0.47,-126.0,-7.0,57.54,3,3,30.33512,30.35597,Mitsubishi,other,Partly Cloudy,True,False,False,False,False,False,False,True,False,True,False,False,False,True,False,False,False,False,False,False,True,False,False,True,False,False
4.26,5.5053315359323625,11.59,21.583333333333332,36.0,19.316666666666666,0,1,1.0,0,21.138912855910267,2018,2018,1,21,21,-14.0,0.36,-135.0,-8.0,57.52,3,3,30.3664563,30.323961,Skoda,Octavia,Partly Cloudy,True,False,False,False,False,False,False,True,False,True,False,False,False,False,True,False,False,False,False,False,True,False,False,True,False,False
3.41,5.2832037287379885,8.29,19.9,38.0,13.089473684210526,0,1,1.0,0,23.642943305186975,2018,2018,0,14,14,-12.0,0.43,-84.0,-6.0,57.52,3,3,30.421642,30.3664563,other,other,Partly Cloudy,True,False,False,False,False,False,False,True,False,True,False,False,False,True,False,False,False,False,False,False,False,False,False,False,False,False
3.18,5.214935757608986,5.09,17.95,25.0,12.216,0,1,1.0,0,35.952848722986246,2018,2018,0,9,9,-5.0,0.48,0.0,0.0,57.57,3,3,30.41786,30.3664563,Hyundai,Solaris,Flurries,True,False,False,False,False,False,False,True,False,True,False,False,False,False,False,False,True,False,False,False,False,True,False,False,True,False
2.33,4.90527477843843,5.46,19.2,24.0,13.649999999999999,0,1,1.0,0,24.542124542124544,2018,2018,0,13,13,-4.0,0.41,13.0,1.0,57.57,3,3,30.41786,30.3664563,Volkswagen,Polo,Flurries,True,False,False,False,False,False,False,True,False,True,False,False,False,False,False,False,True,False,False,False,False,False,False,False,False,False
4.41,5.541263545158426,7.92,23.816666666666666,36.0,13.200000000000001,0,1,1.0,0,32.07070707070707,2018,2018,0,20,20,-5.0,0.44,0.0,0.0,57.57,3,3,30.3664563,30.417444,other,other,Drizzle,True,False,False,False,False,False,False,True,False,True,False,False,False,False,False,True,False,False,False,False,True,False,False,True,False,False
2.57,5.003946305945459,4.91,14.7,19.0,15.505263157894738,0,1,1.0,0,30.14256619144603,2018,2018,0,19,19,-4.0,0.47,0.0,0.0,57.54,3,3,30.41786,30.3664563,Kia,Rio,Flurries,True,False,False,False,False,False,False,True,False,True,False,False,False,False,False,False,True,False,False,False,True,False,False,True,False,False
2.9,5.117993812416755,6.61,13.216666666666667,27.0,14.68888888888889,0,1,1.0,0,25.113464447806354,2018,2018,0,15,15,-9.0,0.43,-75.0,-5.0,57.26,3,3,30.450686,30.3664563,Volkswagen,Polo,Partly Cloudy,True,False,False,False,False,False,False,True,False,True,False,False,False,True,False,False,False,False,False,False,False,False,False,False,False,False
3.23,5.225746673713202,8.19,28.0,34.0,14.452941176470588,0,1,1.0,0,22.58852258852259,2018,2018,0,17,17,-8.0,0.58,-85.0,-5.0,57.26,3,3,30.3664563,30.45066,Volkswagen,other,Partly Cloudy,True,False,False,False,False,False,False,True,False,True,False,False,False,True,False,False,False,False,False,False,True,False,False,True,False,False
3.25,5.225746673713202,8.93,16.316666666666666,23.0,23.29565217391304,0,1,1.0,0,20.716685330347143,2018,2018,0,7,7,-8.0,0.48,-15.0,-3.0,56.94,3,3,30.35657,30.3664563,Chevrolet,other,Foggy,True,False,False,False,False,False,False,True,False,True,False,False,True,False,False,False,False,False,False,False,False,True,False,False,True,False
3.79,5.384495062789089,9.04,16.316666666666666,25.0,21.695999999999998,0,1,1.0,0,24.004424778761063,2018,2018,0,21,21,-8.0,0.15,-135.0,-8.0,57.23,3,3,30.3664563,30.356365,other,other,Clear,True,False,False,False,False,False,False,True,False,True,True,False,False,False,False,False,False,False,False,False,False,False,True,False,False,True
3.86,5.3981627015177525,9.69,21.316666666666666,33.0,17.618181818181817,0,1,1.0,0,22.703818369453046,2018,2018,0,12,12,0.0,0.0,24.0,2.0,57.05,3,3,30.356867,30.3664563,Volkswagen,Polo,Clear,True,False,False,False,False,False,False,True,False,True,False,False,False,False,False,False,False,False,False,False,False,False,False,False,False,False
5.33,5.720311776607412,8.96,25.833333333333332,36.0,14.933333333333335,0,1,1.0,0,33.92857142857142,2018,2018,0,15,15,2.0,0.17,45.0,3.0,57.05,3,3,30.3664563,30.357698,Skoda,Rapid,Clear,True,False,False,False,False,False,False,True,False,True,False,False,False,False,False,False,False,False,False,False,False,False,False,False,False,False
3.43,5.288267030694535,6.18,36.61666666666667,41.0,9.04390243902439,0,1,1.0,0,31.877022653721685,2018,2018,0,17,17,0.0,0.45,68.0,4.0,57.36,4,4,30.3664563,30.4198,Chevrolet,Cruze,Light Rain,True,False,False,False,False,False,False,True,False,True,False,False,False,False,False,True,False,False,False,False,True,False,False,True,False,False
2.97,5.147494476813453,7.08,14.35,22.0,19.309090909090912,0,1,1.0,0,24.152542372881356,2018,2018,0,9,9,-2.0,0.36,0.0,0.0,57.52,4,4,30.476147,30.3664563,Hyundai,Solaris,Partly Cloudy,True,False,False,False,False,False,False,True,False,True,False,False,False,True,False,False,False,False,False,False,False,True,False,False,True,False
2.52,4.983606621708336,8.43,21.716666666666665,23.0,21.991304347826084,0,1,1.0,0,18.878504672897197,2018,2018,0,11,11,1.0,0.25,44.0,4.0,57.52,4,4,30.41786,30.358252,Hyundai,Solaris,Partly Cloudy,True,False,False,False,False,False,False,True,False,True,False,False,False,True,False,False,False,False,False,False,False,True,False,False,True,False
5.44,5.749392985908253,9.01,40.38333333333333,49.0,11.03265306122449,0,1,1.0,0,34.73917869034406,2018,2018,0,19,19,2.0,0.65,95.0,5.0,57.52,4,4,30.3664563,30.323961,Kia,Rio,Mostly Cloudy,True,False,False,False,False,False,False,True,False,True,False,False,False,True,False,False,False,False,False,False,True,False,False,True,False,False
3.85,5.407171771460119,12.81,17.166666666666668,25.0,30.744,0,1,1.0,0,18.878504672897197,2018,2018,0,11,11,6.0,0.48,88.0,8.0,57.67,4,4,30.514868,30.3664563,Renault,other,Partly Cloudy,True,False,False,False,False,False,False,True,False,True,False,False,False,True,False,False,False,False,False,False,False,True,False,False,True,False
4.49,5.560681631015528,14.08,23.4,27.0,31.288888888888888,0,1,1.0,0,18.878504672897197,2018,2018,0,16,16,11.0,0.32,176.0,11.0,57.67,4,4,30.3664563,30.511703,Renault,Logan,Partly Cloudy,True,False,False,False,False,False,False,True,False,True,False,False,False,True,False,False,False,False,False,False,False,False,False,False,False,False
10.2,6.410174881966167,33.97,31.216666666666665,46.0,42.4875,0,1,1.0,0,18.878504672897197,2018,2018,0,11,11,15.0,0.52,165.0,15.0,59.49,4,4,30.2742717,30.3664563,Ford,Focus,Partly Cloudy,True,False,False,False,False,False,False,True,False,True,False,False,False,True,False,False,False,False,False,False,False,True,False,False,True,False
3.75,5.455321115357702,9.99,20.616666666666667,32.0,18.73125,0,1,1.0,0,23.323323323323322,2018,2018,0,12,12,8.0,0.07,108.0,9.0,62.05,4,4,30.345533,30.3664563,other,other,Clear,True,False,False,False,False,False,False,True,False,True,False,False,False,False,False,False,False,False,False,False,False,False,False,False,False,False
4.37,5.605802066295998,10.73,26.9,37.0,17.4,0,1,1.0,0,25.25629077353215,2018,2018,0,17,17,7.0,0.22,153.0,9.0,62.05,4,4,30.41786,30.345686,other,other,Clear,True,False,False,False,False,False,False,True,False,True,False,False,False,False,False,False,False,False,False,False,True,False,False,True,False,False
3.56,5.402677381872279,5.89,26.733333333333334,37.0,9.55135135135135,0,1,1.0,0,37.521222410865875,2018,2018,0,17,17,10.0,0.1,170.0,10.0,62.02,4,4,30.3664563,30.43716,Hyundai,other,Clear,True,False,False,False,False,False,False,True,False,True,False,False,False,False,False,False,False,False,False,False,True,False,False,True,False,False
3.51,5.3706380281276624,7.1,16.7,21.0,20.285714285714285,0,1,1.0,0,30.140845070422536,2018,2018,0,10,10,6.0,0.48,90.0,9.0,61.05,4,4,30.438965,30.467712,Volkswagen,other,Partly Cloudy,True,False,False,False,False,False,False,True,False,True,False,False,False,True,False,False,False,False,False,False,False,True,False,False,True,False
4.55,5.631211781821365,7.97,18.683333333333334,36.0,13.283333333333333,0,1,1.0,0,34.88080301129235,2018,2018,0,11,11,8.0,0.6,110.0,10.0,61.05,4,4,30.3664563,30.440392,Hyundai,Solaris,Mostly Cloudy,True,False,False,False,False,False,False,True,False,True,False,False,False,True,False,False,False,False,False,False,False,True,False,False,True,False
2.8,5.159055299214529,4.26,10.65,15.0,17.04,0,1,1.0,0,40.610328638497656,2018,2018,0,10,10,2.0,0.21,50.0,5.0,61.82,4,4,30.41786,30.354136,Kia,other,Clear,True,False,False,False,False,False,False,True,False,True,False,False,False,False,False,False,False,False,False,False,False,True,False,False,True,False
2.6,5.087596335232384,5.79,10.616666666666667,12.0,28.95,0,1,1.0,0,27.80656303972366,2018,2018,0,11,11,4.0,0.18,66.0,6.0,61.82,4,4,30.474258,30.416977,Hyundai,Solaris,Clear,True,False,False,False,False,False,False,True,False,True,False,False,False,False,False,False,False,False,False,False,False,True,False,False,True,False
3.92,5.488937726156687,11.46,23.683333333333334,37.0,18.583783783783783,0,1,1.0,0,21.029668411867362,2018,2018,0,14,14,3.0,0.48,98.0,7.0,61.54,4,4,30.386566,30.3664563,other,other,Partly Cloudy,True,False,False,False,False,False,False,True,False,True,False,False,False,True,False,False,False,False,False,False,False,False,False,False,False,False
2.78,5.1647859739235145,6.68,16.333333333333332,35.0,11.45142857142857,0,1,1.0,0,26.047904191616766,2018,2018,0,15,15,6.0,0.9,120.0,8.0,62.68,4,4,30.450724,30.3664563,Chevrolet,other,Mostly Cloudy,True,False,False,False,False,False,False,True,False,True,False,False,False,True,False,False,False,False,False,False,False,False,False,False,False,False
3.33,5.3471075307174685,7.48,19.316666666666666,23.0,19.51304347826087,0,1,1.0,0,27.941176470588232,2018,2018,0,16,16,7.0,0.79,144.0,9.0,62.68,4,4,30.3664563,30.45102,Skoda,Rapid,Mostly Cloudy,True,False,False,False,False,False,False,True,False,True,False,False,False,True,False,False,False,False,False,False,False,False,False,False,False,False
3.41,5.3612921657094255,9.03,32.766666666666666,50.0,10.835999999999999,0,1,1.0,0,23.47729789590255,2018,2018,0,14,14,7.0,0.75,112.0,8.0,62.13,4,4,30.35657,30.3664563,Skoda,Octavia,Mostly Cloudy,True,False,False,False,False,False,False,True,False,True,False,False,False,True,False,False,False,False,False,False,False,False,False,False,False,False
